Number,Translator,Chinese Sentences,Gloss,Note,log_coverage
train-00008,A,一会就可以出去了。,一会儿/去/可以/。,,1.540364910919229
train-00019,A,一定可以做到。,一定1/做/到/可以/。,,1.6385874893424315
train-00023,A,找到行李请立即送到我停留的饭店。,行李/找/有/快/我/饭店/给/。,,1.5418875185754377
train-00032,A,一起去吃点东西好不好？,和/去/吃/好不好/？,,1.5597610834527906
train-00060,A,下次你想去哪儿？,下/次/你/想/去/哪里/？,,1.7831907199792683
train-00070,A,不了，改天吧。,不/那/时间/。,,1.6253048125991936
train-00086,A,不必担心我们可以解决的。,担心/不/我们/解决/可以/。,,1.6693639785577397
train-00088,A,不是一直这样的。,一直/这里/样子/不/。,,1.6128567372209628
train-00091,A,不是所有的事情都可以做。,都/事/这里/样子/做/可以/不是/。,,1.6934347234445823
train-00099,A,不知道说什么感谢你。,说/什么/感谢/你/不知道/。,,1.5251866498876694
train-00117,A,不要多此一举了。,用/没有/做/不/。,,1.7056964222665532
train-00133,A,不要让我等得太久。,让/我/等/一直/不/。,,1.726200681253009
train-00146,A,业余时间你都干什么？,业余/时间/你/做/什么/？,,1.7096348513511224
train-00171,A,中国是世界人口最多的国家。,中国/世界/人/最2/多/。,,1.5438439133385942
train-00182,A,为什么呆在家里？,在/家/为什么/？,,1.507281186823554
train-00195,A,给我一个这样的东西。,这里/样子/东西/给/我/。,,1.8161862584066781
train-00197,A,书一到我们就给你打电话。,书/到/我/电话/会/。,,1.7295334611062854
train-00227,A,人都到齐了吗？,人/都/到/？,,1.5127626490122825
train-00235,A,什么问题都可以？,都/问题/可以/？,,1.5422127259273886
train-00236,A,今天一起去玩怎么样？,今天/和/去/玩/怎么/？,,1.6203375363124204
train-00238,A,今天不冷也不热。,今天/天气/冷/不/热/不/。,,1.5111488105342212
train-00245,A,今天发生的有趣的事情。,今天/兴趣/事情/有/。,,1.5105495245401006
train-00246,A,今天天气真不错，你还好吗？,今天/天气/好/你/好/？,,1.9562765371459694
train-00249,A,今天妈妈会送你去学校。,今天/妈妈/护送/你/学校/去/会/。,,1.602237826114348
train-00256,A,今天我不用早睡。,今天/我/早/睡觉/不/。,,1.5193673833803913
train-00259,A,今天我心情不错。,今天/我/心情/可以/。,,1.6109130819524515
train-00260,A,今天我想再买一组沙发套。,今天/我/想/再/买/沙发/套/。,套,1.5708141758072471
train-00261,A,今天我有很多工作要做。,今天/我/工作1/多/。,,1.5206104177553137
train-00264,A,今天早餐吃什么？,今天/早上1/吃/什么/？,,1.6452856472083415
train-00265,A,今天明天没时间。,今天/明天/时间/没有/。,,1.613921449406034
train-00272,A,今天晚上想吃点什么？,今天/晚上/吃/什么/？,,1.692328189443209
train-00278,A,今天的早餐很好。,今天/早上1/吃/好/。,,1.6289429306957373
train-00283,A,今天的饭真好吃。,今天/吃/好/。,,1.6598911687896956
train-00299,A,今晚你有空吗？,今天/晚上/你/时间/有/？,,1.9888572215704663
train-00300,A,今晚我们一起看电影吧。,今天/晚上/我们/和/看/电影/。,,1.7014751439369091
train-00301,A,今晚我有个约会。,今天/晚上/我/约会/有/。,,1.623647889492789
train-00302,A,今晚没什么时间。,今天/晚上/时间/没有/。,,1.6333034520076453
train-00312,A,他不会让你失望的。,他/让/你/失望/不/。,,1.7262549612807874
train-00320,A,他今天是我们的向导吗？,他/我们/今天/向导/是/？,,1.601847600542353
train-00324,A,他们不需要对你的人生负责。,他/对/你/人生/负责/不/。,人生,1.5382434618248249
train-00337,A,他们是我的朋友。,他们/我/朋友/是/。,,1.8017164815805515
train-00342,A,他们说我条件太好了。,他们/说/我/条件/好/。,,1.551942245744412
train-00345,A,他使我想起了他的弟弟。,他/让/我/想/他/弟弟/有/。,,1.9317795386106502
train-00348,A,他偷了你什么？,他/偷/你/什么/？,,1.6166636398043785
train-00350,A,他说不行。,他/说/不行2/。,,1.5844111301875983
train-00357,A,他只是个孩子。,他/小孩/是/。,,1.5551154146543291
train-00370,A,他声称你的警官殴打了他。,他/说/你/警察/打/他/有/。,,1.6969982934893202
train-00373,A,他对这个问题考虑了好几天才做出决定。,他/对/这/问题/考虑/多少/天/最后/决定/。,,1.5335036253014798
train-00378,A,他建议你立刻离开这儿。,他/建议/你/现在/去/。,,1.8476518599826424
train-00382,A,他弟弟开车技术不是很好吗？,他/弟弟/开车/技术/好/是/？,,1.5573713543189918
train-00389,A,他总是嫌我在房间里吸烟。,他/经常/不愿意/我/在/房/吸烟/。,,1.6260626655102524
train-00399,A,他昨天不在这。,他/昨天/不/在/这/。,,1.822748342830045
train-00404,A,他是个好人。,他/好/人/是/。,,1.9187272944349012
train-00409,A,他是个混蛋。,他/人/坏/。,,1.5093502493331217
train-00411,A,他是怎么知道我们在哪的呢？,我/在/哪/他/知道/为什么/？,,1.9122611236537064
train-00412,A,他是我同学。,他/我/同学/是/。,,1.6267541621581891
train-00413,A,他是我爸爸，想起来了吗？,他/我/爸爸/是/记忆/？,,1.5825831078014232
train-00414,A,他是我同学。,他/我/同学/是/。,,1.6267541621581891
train-00435,A,他真的这么说了吗？,他/真/这/样子/说/？,,1.6630993775824152
train-00448,A,他讲的笑话逗得我们大笑不已。,他/说/笑/说/我们/喜欢/。,,1.8107236212567488
train-00449,A,他想使我相信他是清白的。,他/想/让/我/相信/他/真/。,,1.7623560813623287
train-00452,A,他跟你很像。,他/你/像/。,,1.7445308801523374
train-00455,A,他不在家吗？,他/家/不/在/？,,1.768882171938709
train-00465,A,以前有过这种情况。,以前/这/情况/有/。,,1.5748100044498017
train-00466,A,以后我想在院子里种上好看的。,以后/我/想/在/院子/种植/好/看/。,,1.656309130474043
train-00470,A,任何时候，你都可以依赖我。,都/时间/你/依靠/我/可以/。,,2.0188848265220996
train-00471,A,任何时间都有热水吗？,都/时间/热/水/有/？,,1.5100488022599923
train-00488,A,你不要纠缠我了。,你/围绕/我/不/。,,1.756082439671831
train-00491,B,但是如果我下次用它去买东西会优惠多少呢？,但是/如果/下/次/我/用/他/买/东西2/便宜/多少/？,,1.691882198942135
train-00492,B,但是我希望你可以做你想做的事。,但是/我/希望/你/想/做/事情/做/可以/。,,2.030886230848623
train-00498,B,你一周锻炼几次？,你/一周/锻炼2/多少/次/？,,1.5010470369847393
train-00502,B,你一点也没有变。,你/变化/没有2/。,,1.5623644083264057
train-00503,B,你一般几点吃早餐？,你/早上1/吃饭/时间/多少/？,,1.7781878433997091
train-00507,B,你不应该这么干的。,你/不/应该/这里/样子/做/。,,1.9791452366648878
train-00509,B,你不是这么说的。,你/以前/这里/样子/说/不是/。,,1.7430178962872198
train-00511,B,你不舒服吗？,你/不/舒服/是/？,,1.8712783462793865
train-00515,B,你不觉得你放的洗洁精太多了吗？,洗洁精/多/你/感觉/没有2/？,,1.509400998382674
train-00516,B,你不说我也会做的。,你/说/没有2/我/一样/会/做/。,,2.008359909626606
train-00517,B,你性格上最大的特点是什么？,你/自己/性质/最2/大/特点/是/什么/？,,1.5684628066387711
train-00518,B,你为什么不与我一起搭车？,你/不/和/我/搭车/为什么/？,,1.8003872956602172
train-00519,B,你为什么不吃？,你/不/吃/为什么/？,,1.8976162763041065
train-00520,B,你为什么不吃这些海鲜？,这里/海/新鲜/不/吃/为什么/？,,1.5878485035756038
train-00521,B,你为什么喜欢我？,你/喜欢/我/为什么/？,,2.160087217365778
train-00525,B,你为什么那么努力呢？,你/努力/为什么/？,,1.5934598062240017
train-00526,B,你为什么这么说呢？,你/说/这里/为什么/？,,1.921209192832118
train-00527,B,你为什么这样做？,你/做/这里/为什么/？,,1.9694867493677528
train-00529,B,你也别想好过。,你/生活/舒服/不行/。,,1.5259987093018363
train-00535,B,你什么时候回来的？,你/什么/时候/来/？,,1.8611306770899894
train-00536,B,你什么时候开始做作业？,你/什么/时候/开始/写字/作业/？,,1.6638142196347643
train-00538,B,你什么时候能做完作业？,你/作业/什么/时候/写字/了/可以/？,,1.755894878507302
train-00539,B,你今天会回来的晚吗？,你/今天/回家2/晚上/是/？,,1.6016208129185443
train-00541,B,你今天吃了什么？,你/今天/吃/什么/？,,1.9805100058562524
train-00542,B,你今天早上看起来精神很不好。,今天/早上1/我/看1/你/精神/坏/。,,1.6634988184830686
train-00543,B,你今天晚上有安排吗？,你/今天/晚上/安排/有/？,,1.7944686512760455
train-00544,B,你今天有点儿不大对劲。,你/今天/少/坏/。,,1.6761510859806492
train-00545,B,你今天都做了些什么呢？,你/今天/做/什么/？,,2.0335264955515293
train-00547,B,你介意我明天请假吗？,我/明天/请假/你/生气/会/？,,1.5684758553327531
train-00548,B,你从哪里学会说英语的呢？,说/英语/你/哪里/学习1/会/？,英语,1.6179126659188046
train-00549,B,你以为你是谁。,你/感觉/你/是/谁/。,,2.04286909013001
train-00550,B,你以前做过在这方面的工作吗？,这/关系/工作/你/以前/体会/有/？,,1.627388702644253
train-00551,B,你以前在哪里工作？,你/以前/在/哪里/工作/？,,1.7461735507528997
train-00553,B,你们不吃完，我们哪儿也不去。,你/吃/完了/没有2/我们/哪里/都/不/去/。,,1.9696166440920717
train-00558,B,你们今晚有空房吗？,你们/今天/晚上/空/房/有/？,,1.58510713045516
train-00560,B,你们去我就去。,你们/去/我/去/。,,1.9756440884520223
train-00569,B,你们不必上去了。,你们/上/去/不/。,,1.6005399701951764
train-00570,B,你们干嘛？,你们/做/什么/？,,1.6765214830312056
train-00571,B,你们怎么穿成这个样子？,你们/穿/这里/样子/为什么/？,,1.577065762657412
train-00580,B,你们有什么状况吗？,你们/情况/有/什么/？,,1.6202922230201473
train-00583,B,你们有没有像这样的东西？,像/这里/样子/东西2/你们/有/？,,1.6775279476373623
train-00594,B,你们还有别的颜色吗？,他/颜色/你们/有/？,,1.6596734885429398
train-00600,B,你们需要什么样的人？,你们/要/怎么样/人/？,,1.5692139543440138
train-00601,B,你会做到的。,你/做/到/可以/。,,2.028752059378669
train-00603,B,你会吗？,你/会/？,,1.700116621311845
train-00611,B,你快帮助啊。,你/快/帮助/。,,1.6578802199697056
train-00613,B,你喜欢午餐还是晚餐？,中午/吃饭/晚上/吃饭/你/喜欢/哪些1/？,,1.5815958671415613
train-00614,B,你做事一定要小心。,你/做/事情/要/小心/。,,1.5733800773000322
train-00616,B,你做得太多了。,你/做/多/。,,1.9219814005312532
train-00617,B,你做得很好。,你/做/好/。,,1.9826457144323912
train-00622,B,你再来一次。,你/再/做/1/次/。,,1.730955396484899
train-00623,B,你再说一遍。,你/再/说/1/。,,1.7305965804793892
train-00626,B,你几乎什么都没吃？,你/什么/全部/没有2/吃/？,,1.8502844320676062
train-00628,B,你为什么去？,你/去/为什么/？,,1.8697252474809023
train-00630,B,你别拿我开玩笑了。,你/不/拿/我/玩笑/。,,1.6963920345051988
train-00631,B,你别来找我了。,你/不/来/找/我/。,,2.065673772214066
train-00632,B,你别生气。,你/生气/不/。,,1.6362209378629013
train-00634,B,你在想什么呢？,你/想/什么/？,,2.0084501398969774
train-00635,B,你要干嘛？,你/做/什么/？,,2.003074110073146
train-00641,B,你去过那里吗？,那里/你/去/经过/？,,1.5732234266407747
train-00642,B,你参加什么课外活动吗？,课/外/活动/你/参加/什么/？,,1.5396903752604219
train-00648,B,你可不可以不要再啰嗦了？,你/啰嗦/不/可以/？,,1.6417169353682506
train-00650,B,你可以做我的伴娘吗？,你/做/我/伴娘/可以/？,,1.8958278950030418
train-00652,B,你可以和我一起吃晚饭吗？,我们/2/晚上/一起/吃饭/可以/？,,1.6525108248012839
train-00653,B,你可以在方便的时候做。,你/方便/时候/做/可以/。,,1.6382725005232028
train-00662,B,你可以送我去医院吗？,你/送/我/去/医院/可以/？,,1.8097766417847165
train-00665,B,你吃的太少了，请再多吃一点。,你/吃/少/请/再/多/吃/。,,1.765239454923756
train-00668,B,你和家人一起做的最有趣的事是什么？,你/和/家人/一起/做/最2/趣味/事情/是/什么/？,,1.692040078122843
train-00670,B,你哪里不对劲？,你/哪里/坏/？,,1.5688483418500057
train-00672,B,你唱得真好。,你/唱歌/好/。,,1.7287175581302001
train-00674,B,你喜欢什么种类的电影？,电影/种类/你/喜欢/什么/？,,1.79419067165773
train-00675,B,你喜欢什么运动？,运动/你/喜欢/什么/？,,1.9171184477562384
train-00678,B,你喜欢去哪里度假？,你/喜欢/去/哪里/度假/？,,1.6162778308666048
train-00679,B,你喜欢去海滩吗？,海滩/你/喜欢/去/？,,1.6069818307036108
train-00680,B,你喜欢参加什么活动？,你/喜欢/参加/什么/活动/？,,1.7803011373545996
train-00681,B,你喜欢参加聚餐活动吗？,一起/吃饭/活动/你/喜欢/参加/？,,1.6270750717654159
train-00682,B,你喜欢参加课外活动吗？,课/外/活动/你/喜欢/参加/？,,1.530156600032798
train-00683,B,你喜欢吃什么？,你/喜欢/吃/什么/？,,2.0434072015588725
train-00684,B,你喜欢吃甜食还是咸食？,甜/吃/咸/吃/你/喜欢/什么/？,,1.5308024731849468
train-00686,B,你喜欢听音乐吗？,唱歌/你/喜欢/听/？,,1.6896722656736682
train-00687,B,你喜欢和谁打呀？,你/喜欢/和/谁/打/？,,1.5251072355737954
train-00688,B,你喜欢品尝不同的美食吗？,品尝/不一样/吃/你/喜欢/？,,1.659871861029277
train-00689,B,你喜欢哪一个？,你/喜欢/哪些1/？,,1.6825687583963123
train-00690,B,你喜欢哪种户外活动？,房/外/活动/你/喜欢/哪里/？,,1.6225320759443747
train-00694,B,你喜欢学校的什么？,学校/里/你/喜欢/什么/？,,1.865686378726398
train-00696,B,你喜欢我推荐的这件商品吗？,我/推荐/这里/东西2/你/喜欢/？,,1.8554224010950502
train-00701,B,你喜欢游泳吗？,游泳/你/喜欢/？,,1.7067962616483263
train-00704,B,你喜欢看电影还是电视剧？,电影/你/喜欢/是/电视剧/你/喜欢/还是/？,电视剧,1.835730913703338
train-00705,B,你喜欢看表演吗？,表演/你/喜欢/看1/？,,1.6983654044298864
train-00711,B,你喜欢英语还是语文？,你/英语/喜欢/是/语文/喜欢/还是/？,英语,1.6484620360705526
train-00712,B,你喜欢读书吗？,读书/你/喜欢/？,,1.6912592849611152
train-00713,B,你喜欢购物吗？,买/东西2/你/喜欢/？,,1.8796700369959538
train-00714,B,你喜欢跟什么样的人来往？,你/喜欢/和/怎么样/人/交际/？,,1.5889067642046846
train-00716,B,你喜欢运动吗？,运动/你/喜欢/？,,1.7622584490524154
train-00717,B,你喜欢这款鸡尾酒吗？,这里/鸡尾酒/你/喜欢/？,,1.6217951368543233
train-00719,B,你喜欢阅读什么类型的书籍？,你/喜欢/什么/种类/书/？,,1.8482758535766475
train-00722,B,你在吃什么？,你/吃/什么/？,,1.9368034979540503
train-00723,B,你在哪所学校读书？,你/在/哪里/学校/读书/？,,1.604532804913113
train-00724,B,你在国外的这一年打算做什么？,你/在/国外/这里/一年/计划/做/什么/？,国外,1.5619128283077812
train-00725,B,你在开玩笑吗？,你/现在/玩笑/是/？,,1.5655939005717592
train-00726,B,你在开玩笑吧。,你/现在/玩笑/是/。,,1.5655939005717592
train-00727,B,你在担心什么？,你/担心/什么/？,,1.7234803682966682
train-00728,B,你在早晨会做什么事情？,你/早上1/做/什么/？,,1.903489283722498
train-00729,B,你在校园里最喜欢的地方是哪一个？,你/在/学校/里/最2/喜欢/位置2/什么/？,,1.7055926838927944
train-00731,B,你在跟我谈条件。,你/现在/和/我/谈判/条件/是/。,,1.6214978710806243
train-00732,B,你在这儿坐出租车比较好。,你/在/这里/打车/比较/好/。,,1.625715092911634
train-00733,B,你在这里干什么？,你/在/这里/做/什么/？,,2.1128340355097373
train-00734,B,你声音真好听。,你/声音/好/听/。,,1.6601517214248194
train-00736,B,你多久锻炼一次？,你/悠久/多少/锻炼2/1/次/？,,1.5324331429382423
train-00737,B,你多长时间去一次美容院？,美容/房/你/悠久/多少/去/1/次/？,,1.5152951561618777
train-00738,B,你多长时间锻炼1次？,你/悠久/多少/锻炼2/1/次/？,,1.5324331429382423
train-00741,B,你太棒了。,你/好/。,,1.8787055438559905
train-00743,B,你太让我失望了。,你/让/我/失望/。,,1.772791649961846
train-00744,B,你好。,你/好/。,,1.8787055438559905
train-00746,B,你好大胆子。,你/勇敢/大/。,,1.5420108764564264
train-00747,B,你妈妈是干什么的？,你/妈妈/做/什么/？,,1.9456599567854767
train-00751,B,你完成计划有困难吗？,计划/你/完成/困难1/有/？,,1.6416250215135735
train-00754,B,你家乡有什么美食？,你/家/美丽/吃/有/什么/？,,1.9065057742617653
train-00756,B,你家有几口人？,你/家/人/多少/？,,1.8952868148797897
train-00757,B,你家有宠物吗？,你/家/宠物/有/？,,1.5400833907055982
train-00759,B,你家里人怎么样？,你/家/里/人/怎么样/？,,1.6994322296341509
train-00761,B,你家里有多少间卧室？,你/家/里/卧室/有/多少/？,,1.627230433365215
train-00762,B,你对于品牌的看法是什么？,你/对待/东西2/牌子/看1/法1/是/什么/？,,1.5720247421190854
train-00763,B,你对于明天的计划安排是什么？,你/对待/明天/计划/安排/是/什么/？,,1.704022919790217
train-00764,B,你对于购物小票有何看法？,你/对待/买/东西2/票/看1/法1/有/什么/？,,1.7920996791151609
train-00765,B,你对什么感兴趣？,你/对待/什么/趣味/？,,1.599316763016764
train-00768,B,你对学校生活中最讨厌的事情是什么？,你/对待/学校/生活/最2/讨厌/事情/是/什么/？,,1.6204998875485412
train-00769,B,你对我的工作满意吗？,你/对待/我/工作/满意/？,,1.78345572198727
train-00771,B,你对这件事有什么看法？,你/对待/这里/事情/看1/法1/有/什么/？,,1.8440955760204716
train-00773,B,你小子是不是在做梦啊？,你/做/梦/是/？,,1.6016984753427104
train-00774,B,你小时候最想做的职业是什么？,你/小/时候/最2/想/做/职业/是/什么/？,,1.8113391108135162
train-00776,B,你就不用去了吧。,你/去/不/用/。,,1.954759431489259
train-00777,B,你就不用担心我了。,我/你/担心/不/。,,1.9913006914829672
train-00778,B,你就不能有点出息。,你/前景/好/少/可以/。,,1.6521002356128924
train-00779,B,你买少了。,你/买/少/。,,1.7244648373087883
train-00780,B,你就别维护他了。,他/你/维护1/不/。,,1.5820743472685013
train-00783,B,你能听出来。,你/听/可以/。,,1.8408716592067491
train-00785,B,你已经做完作业了吧。,作业/你/做/完了/是/。,,1.8709960534879098
train-00787,B,你希望自己的生活是怎么样？,你/希望/自己/生活/怎么样/？,,1.6322821136468255
train-00791,B,你干什么？,你/做/什么/？,,2.003074110073146
train-00792,B,你干得很好。,你/做/好/。,,1.9826457144323912
train-00793,B,你平常喜欢出去旅游吗？,你/平时/去/旅游/喜欢/？,,1.7667928286985957
train-00796,B,你平时会自己做饭吗？,你/平时/会/自己/烹饪/？,,1.5579720207687648
train-00797,B,你平时喜欢做些什么？,你/平时/喜欢/做/什么/？,,1.9477064064877787
train-00798,B,你平时喜欢去哪些地方放松？,你/平时/喜欢/去/哪里/休息/？,,1.7491728069539658
train-00799,B,你平时喜欢玩什么游戏？,你/平时/游戏/喜欢/什么/？,,1.7745074529780644
train-00801,B,你平时有看书的习惯吗？,读书/习惯/你/有/？,,1.6039637278526029
train-00804,B,你应该学会管理自己的时间。,你/应该/学习1/会/管理/自己/时间/。,,1.5422799114435612
train-00806,B,你应该努力工作。,你/应该/努力/工作/。,,1.6512644225128164
train-00810,B,你很快会收到我的消息的。,我/消息/你/快/会/接受/到/。,,1.6496915226321245
train-00812,B,你得去睡个美容觉了。,你/要/去/美容/睡觉/。,,1.5558424898115557
train-00813,B,你得抓紧时间。,你/要/时间/抓紧/。,,1.5670048809370922
train-00815,B,你必须为你的错误向他道歉。,你/要/为/你/错误/向/他/道歉/。,,1.5164616504778383
train-00819,B,你必须要好好学习。,你/必须/好/学习1/。,,1.6657927101690404
train-00820,B,你为什么不睡午觉？,中午/你/不/睡觉/为什么/？,,1.6367375733088192
train-00822,B,你为什么也在这？,你/一样/在/这/为什么/？,,1.9191806348369747
train-00827,B,你怎么找到我的？,你/怎么样/找/到/我/？,,1.9098907051030618
train-00828,B,你怎么有我电话？,我/电话/你/怎么/有/？,,2.0809155956755663
train-00829,B,你为什么来这么晚？,你/来/晚上/为什么/？,,1.7466150809455727
train-00831,B,你为什么没再帮他一把？,你/没有2/再/帮助/他/为什么/？,,1.8258058464475382
train-00832,B,你怎么看待这个？,你/对待/这/看1/法1/什么/？,,1.8134037484008043
train-00835,B,你怎么走得这么急？,你/走/着急/为什么/？,,1.5728925900038635
train-00836,B,你怎么过来找我了？,你/来/找/我/怎么/？,,2.0043443079983003
train-00838,B,你怎么看待网恋？,网/恋爱/你/看1/法1/是/什么/？,,1.550263457586054
train-00839,B,你总是什么都不让我做。,任何/你/都/不/让/我/做/。,,1.7910270537308568
train-00840,B,你总是对我那么好，我永远不会忘记的。,你/对待/我/一直/好/我/终身/不/会/忘记/。,,1.8484781067418403
train-00843,B,你想什么时候去打保龄球呀？,保龄球/你/想/什么/时候/去/玩1/？,保龄球,1.64837415645556
train-00844,B,你想什么时候取衣服？,你/想/什么/时候/拿/衣服/？,,1.83633291544449
train-00845,B,你想勾引我吗？,你/想/勾引/我/是/？,,1.8775874904860708
train-00846,B,你想去旅游的国家。,你/想/去/旅游/国家/。,,1.807474218390394
train-00848,B,你想学习什么语言呢？,你/想/学习1/什么/语言/？,,1.7296988055455031
train-00851,B,你想找什么？,你/想/找/什么/？,,1.9499607806445418
train-00855,B,你想看些什么？,你/想/看1/什么/？,,1.9666282218082984
train-00856,B,你想看什么电影？,你/想/看/什么/电影/？,,1.9304059365671102
train-00859,B,你想要什么汉堡？,你/想/要/什么/汉堡包/？,,1.7403400874832933
train-00861,B,你想要多少？,你/想/要/多少/？,,2.0103220236012933
train-00862,B,你想让我来开车吗？,你/想/让/我/驾驶/是/？,,1.816097567751235
train-00864,B,你想过要买属于我们的房子吗？,你/想/经过/买/属于3/我们/房子/？,,1.6519322364018083
train-00866,B,你感到幸福吗？,你/感觉/幸福/？,,1.5456431761449698
train-00869,B,你愿意和我们一起吃晚饭吗？,晚上/你/愿意/和/我/吃/？,,1.9036400894147696
train-00872,B,你愿意成为我的妻子吗？,做/我/妻子/你/愿意/？,,1.830518008527517
train-00873,B,你懂不懂啊。,你/知道/。,,1.6775100400928455
train-00883,B,你找到你喜欢的了吗？,你/喜欢/你/找/到/？,,2.0921150460857545
train-00895,B,你放开我。,你/松/我/。,,1.6042000546167525
train-00897,B,你敢耍我。,你/勇敢/玩1/我/。,,1.699196292902927
train-00902,B,你昨晚干嘛那么晚给我打电话？,你/昨天/晚上/（你）给（我）电话/做/什么/？,,1.5759161043913796
train-00903,B,你昨晚是不是暴饮暴食了？,你/昨天/晚上/吃饭/喝/多/是/？,,1.768647313643653
train-00904,B,你是不是也想走进一家咖啡馆，点上一杯呢？,你/一样/想/进/一/咖啡/房/买/1/瓶/是/？,,1.6060634978238297
train-00905,B,你是不是在拿我开玩笑呀？,你/拿/我/玩笑/是/？,,1.7245824343552574
train-00906,B,你是不是该上学了？,你/应该/上学/是/？,,1.509307012651639
train-00907,B,你是个学生。,你/学生/是/。,,1.698301849149896
train-00908,B,你是个胆小鬼。,你/勇敢/小/是/。,,1.6653620014543389
train-00909,B,你是什么人？,你/是/什么/人/？,,2.0982267682812177
train-00911,B,你是否喜欢在家工作？,在/家/工作/你/喜欢/？,,1.9550320849656133
train-00917,B,你是当事人。,你/D/事情/人/是/。,,1.5851463166003075
train-00918,B,你是我见到过的最美的女人。,你/是/我/见面/经过/女/里/最2/美丽/。,,1.6101977491119128
train-00919,B,你是我见过的最美的新娘。,你/是/我/见面/经过/新娘/里/最2/美丽/。,,1.6101977491119128
train-00920,B,你是新生吗？,你/新1/学生/是/？,,1.6449142321517143
train-00921,B,你是游戏新手吗？,你/游戏/第一次/是/？,,1.6166484015924205
train-00925,B,你是这个世界上独一无二的人。,你/这里/世界/唯一/人/是/。,,1.636264282960968
train-00926,B,你晚上都是怎么度过的？,你/晚上/怎么/生活/？,,1.7249679663498383
train-00928,B,你曾经做过的最勇敢的事情是什么？,你/之前/做/经过/最2/勇敢/事情/是/什么/？,,1.743095456840889
train-00929,B,你曾经做过让你非常骄傲的事情是什么？,你/之前/做/经过/让/你/骄傲1/很1/事情/是/什么/？,,1.756926851522113
train-00933,B,你最喜欢一个城市是什么？,你/最2/喜欢/城市/是/什么/？,,2.0071439796368815
train-00934,B,你最喜欢和父母一起做什么？,你/最2/喜欢/和/爸爸/妈妈/一起/做/什么/？,,1.9070937175222045
train-00935,B,你最喜欢哪个季节？,你/最2/喜欢/什么/季节/？,,1.689507039459011
train-00936,B,你最喜欢哪位小说家？,你/最2/喜欢/什么/小说/家/？,,1.7207896079475309
train-00937,B,你最喜欢哪门课？,你/最2/喜欢/什么/课/？,,1.8901937032349985
train-00938,B,你最喜欢的一本书是什么？,你/最2/喜欢/书/是/什么/？,,2.060810210202722
train-00939,B,你最喜欢的动物是什么？,你/最2/喜欢/动物/是/什么/？,,1.809970945106652
train-00940,B,你最喜欢的图画书是哪一本？,你/最2/喜欢/绘画/书/是/什么/？,,1.8032089339273818
train-00941,B,你最喜欢的季节是什么？,你/最2/喜欢/季节/是/什么/？,,1.809970945106652
train-00942,B,你最喜欢的宠物名字是什么？,你/最2/喜欢/宠物/名字/是/什么/？,,1.5837245769683204
train-00944,B,你最喜欢的游戏是怎么的？,你/最2/喜欢/游戏/是/怎么样/？,,1.81581856757318
train-00945,B,你最喜欢的科目是什么？,你/最2/喜欢/科目/是/什么/？,,1.809970945106652
train-00946,B,你最喜欢的科目老师是谁？,你/最2/喜欢/科目/老师/是/谁/？,,1.6501780043651495
train-00947,B,你最喜欢的节日是什么？,你/最2/喜欢/节日/是/什么/？,,1.809970945106652
train-00948,B,你最喜欢的颜色是什么？,你/最2/喜欢/颜色/是/什么/？,,2.016707806726969
train-00949,B,你最好坐公共汽车。,你/最2/好/坐/公交车/。,,1.6949729770967359
train-00950,B,你最好早点去看医生。,你/最2/好/早上2/去/看1/医生/。,,1.6103257382442169
train-00951,B,你最好现在就起床。,你/最2/好/现在/起床/。,,1.8075963376996598
train-00954,B,你最爱吃的食物是什么？,你/最2/喜欢/食物/是/什么/？,,1.9779839821146064
train-00955,B,你最珍视的物品是什么？,你/最2/珍惜/东西2/是/什么/？,,1.691918182322084
train-00958,B,你最近去旅游了吗？,你/最近/旅游/有/？,,1.7261562050773194
train-00959,B,你最近听到的好笑事情是什么？,你/最近/听/好/笑/事情/是/什么/？,,1.8259398230613908
train-00960,B,你最近有什么感想吗？,你/最近/感想/有/什么/？,,1.634268605323422
train-00961,B,你最近都在忙些什么？,你/最近/忙/什么/？,,1.6617789642314982
train-00963,B,你有什么休闲爱好？,你/休息/爱/好/有/什么/？,,1.9080295484899803
train-00964,B,你有什么关于未来工作的计划和目标？,关系/以后/工作/计划/和/目标/你/有/什么/？,,1.720173495515089
train-00965,B,你有什么兴趣爱好？,趣味/爱/好/你/有/什么/？,,1.8591120226582365
train-00966,B,你有什么建议吗？,建议/你/有/什么/？,,1.873976612475819
train-00967,B,你有什么心事吗？,心/事情/你/有/？,,1.7650711380272583
train-00968,B,你有什么更好的主意吗？,很1/好/想/法1/你/有/？,,1.9588523218243068
train-00970,B,你做人真不地道。,你/做/人/虚伪/。,,1.543257449200731
train-00972,B,你是我最钦佩的人。,你/我/最2/佩服/。,,1.6732380450223847
train-00973,B,你有什么问题可以向我提出来。,你/有/问题/（你）告诉（我）/可以/。,,1.6924338107291679
train-00974,B,你果然这样跟他说的。,你/果然/这里/样子/告诉/他/。,,1.557858397405832
train-00975,B,你的思路我很喜欢。,你/思维/我/喜欢/。,,1.7773244468890348
train-00977,B,你欠我的钱什么时候还？,我/钱/你/什么/时候/还钱（我）/？,,1.8121353466036112
train-00978,B,你能不能在这周五完成作业？,这里/星期五/你/作业/完成/可以/？,,1.5925646619567655
train-00980,B,你这个想法很离题。,你/这里/想/法1/偏向/。,,1.521869212134342
train-00982,C,你有什么症状？,你/症状/有/什么/？,,1.665698075444174
train-00983,C,你有什么问题吗？,你/问题/有/？,,1.87272548474634
train-00985,C,你有足够的时间来完成这项工作。,你/做/完/这个/工作2/时间/够/。,,1.5962935581322764
train-00989,C,你有哪一种？,你/有/哪/种类/？,,1.750194665394087
train-00990,C,你有多少个好朋友？,你/好/朋友/多少/？,,1.8908685050363854
train-01000,C,你有特别想吃那种食物吗？,你/特别/想/吃/有/？,,1.902673276457383
train-01008,C,你每天几点上床睡觉？,你/每天/睡觉/时间/多少/？,,1.6689702595195113
train-01014,C,你没关电视。,你/电视/关/没有/。,,1.5378902440865971
train-01018,C,你滑了多长时间雪了？,你/滑雪/时间/多少/？,,1.51458249501037
train-01019,C,你满意你的新车吗？,你/新/车/满意/是/？,,1.6037161083412805
train-01022,C,你玩过哪些游戏？,你/玩/过/游戏/什么/？,,1.5609666120823273
train-01023,C,你现在不年轻。,你/现在/年轻/不/。,,1.5317654207516884
train-01024,C,你现在在哪工作？,你/现在/工作2/在/哪/？,,1.7381496181413068
train-01025,C,你现在在找工作吗？,你/现在/找/工作2/是/？,,1.7763193664667387
train-01026,C,你现在是不是和谁交往呢？,你/现在/和/谁/交往/是/？,,1.6182170183948494
train-01027,C,你现在有空聊天吗？,你/现在/聊天/有/空/？,,1.5086672204390694
train-01028,C,你现在还很年轻。,你/现在/年轻/很1/是/。,,1.6335162260764158
train-01030,C,你男朋友长什么样啊？,你/男/朋友/样子/什么/？,,1.7150492001205297
train-01035,C,你的作业完成了吗？,你/作业/做/完/是/？,,1.8062993582574294
train-01038,C,你的发音非常好。,你/发音/好/很1/。,,1.521848897033534
train-01039,C,你的周末怎么安排？,你/周末/安排/什么/？,,1.5594022920357233
train-01041,C,听你的声音我能看出你很紧张。,听/你/声音/你/紧张/很1/是/。,,1.6916334689084054
train-01046,C,你的意思是这个。,你/意思/这/是/。,,1.9223856049640375
train-01051,C,你的拿手菜是什么？,你/炒/菜/好/什么/？,,1.639238817636846
train-01053,C,你的新房子很舒适啊。,你/新/房子/舒服/是/。,,1.7089674309161975
train-01054,C,你的新电话号码是多少？,你/新/电话/号码/多少/？,,1.549157963909427
train-01055,C,你的时间己经不够了。,你/时间/不够/是/。,,1.8001863007048668
train-01060,C,你的确学到了很多东西。,你/学1/东西/多/是/。,,1.6149402914198092
train-01068,C,你的计划是什么？,你/计划/什么/？,,1.7745103639606492
train-01070,C,你的车子可以载几个人？,你/车/带/人/多少/？,,1.673936707307455
train-01071,C,你的车真不错。,你/车/好/很1/。,,1.7941944642370526
train-01075,C,你看上去很严肃。,你/看/严肃/是/。,,1.5662594892415447
train-01076,C,你看上去很面熟。,你/看/面熟/是/。,面熟,1.5662594892415447
train-01077,C,你看上去棒极了。,你/看/好/很1/。,,1.945303156164687
train-01078,C,你看上去真好。,你/看/好/真2/。,,1.906307835521476
train-01082,C,你看起来很累。,你/看/累/很1/。,,1.6895524359741212
train-01083,C,你看起来很着急。,你/看/着急/很1/。,,1.67017043337251
train-01087,C,你真厉害。,你/厉害/真2/。,,1.5338785702496966
train-01089,C,你真是我的好妈妈。,你/是/我/好/妈妈/真2/。,,2.128364864498066
train-01092,C,你真的太让我失望了。,你/让/我/失望/真2/。,,1.7736849166988122
train-01096,C,你知道你是在对谁说话吗？,你/对/谁/说话/知道/？,,1.6095030804653307
train-01100,C,你知道怎么做红烧鱼吗？,做/红烧鱼/怎么/你/知道/？,红烧,1.55377192350628
train-01101,C,你知道怎么回事吗？,怎么/你/知道/？,,1.7570413287190216
train-01105,C,你知道那个新项目吗？,那/新/项目/你/知道/？,,1.5906196755992932
train-01109,C,你离我远点儿。,你/我/远/。,,1.6042000546167525
train-01110,C,你究竟在找什么？,你/到底/在/找/什么/？,,1.6067765722996068
train-01116,C,你经常和朋友聚会吗？,你/经常/和/朋友/聚会/是/？,聚会,1.5447318524634588
train-01117,C,你经常在网上购物吗？,你/经常/在/网/买/东西/是/？,,1.810336117504534
train-01118,C,你经常用电子邮件吗？,你/经常/用/电子邮件/是/？,,1.5129396884073507
train-01119,C,你经常跟朋友分享心事吗？,你/经常/和/朋友/分享/心/事/是/？,分享,1.5076664247685225
train-01120,C,你经常锻炼身体吗？,你/经常/锻炼2/身体/是/？,,1.6363334699897247
train-01121,C,你给公共汽车公司打个电话好吗？,你/给/公交车/中/心/电话/可以/？,,1.594470974788229
train-01127,C,你考到我了。,你/考1/到/我/。,,1.6842243184499304
train-01132,C,你能不能立刻处理这件事？,你/处理2/这/事情/可以/？,,1.6871809688214905
train-01134,C,你能便宜点吗？,你/便宜/点/可以/？,,1.6602677460156303
train-01135,C,你能修好吗？,你/修理/好/可以/？,,1.659963511391524
train-01136,C,你能做到。,你/做/到/可以/。,,2.028752059378669
train-01144,C,你能帮妈妈吗？,你/帮助/妈妈/可以/？,,1.8466147797039252
train-01153,C,你能帮我解决这个问题吗？,你/帮助（我）/解决/这/问题/可以/？,,1.645860831657283
train-01159,C,你能把我的头发做成图片的样子吗？,你/我/头发/做/图片/一样/可以/？,,1.7332911329815655
train-01161,C,你能把这个包成礼品吗？,你/这/包2/改变/礼物/可以/？,,1.6128912834566917
train-01164,C,你能把门关上吗？,你/门/关/可以/？,,1.6821641031245256
train-01173,C,你能认出嫌疑犯吗？,你/看/嫌疑/人/谁/？,,1.5216928204207207
train-01174,C,你能载我去地铁站吗？,你/带（我）/去/地铁/站/可以/？,,1.5000899527808629
train-01175,C,你能这样说，我非常感谢。,你/说/这样/我/感谢/很/。,,1.6092947502332646
train-01179,C,你自己知道自己是什么样的。,你/自己/知道/自己/样子/什么/。,,1.8788860405542056
train-01180,C,你自找的。,你/自己/找/。,,1.7066735102271384
train-01182,C,你英语说得好吗？,你/英语/说/好/是/？,英语,1.9167838424994528
train-01183,C,你药喝了我就去工作。,你/药/喝/完/我/去/工作2/。,,1.744838319704125
train-01185,C,你要不帮我，我就把你交给警方。,你/如果/不/帮助（我）/我/把/你/给/警察/会/。,,1.6513606481814989
train-01187,C,你要不要看？,你/看/要/？,,1.926695758131769
train-01188,C,你要买什么呀？,你/买/什么/要/？,,2.045974780079759
train-01189,C,你要什么面额的钱？,你/钱/什么/要/？,,2.033492572920213
train-01192,C,你要去买水吗？,你/买/水/要/？,,1.818251093299861
train-01193,C,你要哪类房间？,你/要/房间/种类/哪/？,,1.6339709390492851
train-01194,C,你要喝杯茶吗？,你/喝/茶/要/？,,1.6756773705293455
train-01196,C,你要多少票？,你/要/票/多少/？,,1.8653408759152097
train-01199,C,你要怎么证明？,你/要/怎么/证明2/？,,1.517029386293772
train-01203,C,你要有心理准备。,你/有/心理/准备/要/。,,1.617553646380183
train-01204,C,你要洗衣服吗？,你/洗/衣服/要/？,,1.680217348548381
train-01206,C,你要看好的一面。,你/要/看/面/好/。,,1.6936046487559306
train-01210,C,你觉得什么东西最有趣？,你/感觉/东西/最/兴趣/什么/？,,1.6612410251989407
train-01211,C,你觉得他好看吗？,你/感觉/他/好/看/是/？,,2.060354614678468
train-01212,C,你觉得他怎么样？,你/感觉/他/怎么样/？,,1.7279662125652848
train-01213,C,你觉得哪里是你最安全和最让人放心？,你/感觉/你/最2/安全/放心/什么/？,,1.724429407879149
train-01215,C,你觉得如何？,你/感觉/好不好/？,,1.607311259480317
train-01217,C,你觉得家庭对你的成长有什么影响？,你/知道/家/对/你/影响/什么/？,,1.955139573290968
train-01219,C,你觉得应该怎么做？,你/知道/怎么/做/？,,1.864526308207536
train-01220,C,你觉得怎么样？,你/知道/怎么/？,,1.7570413287190216
train-01221,C,你觉得我们的周末计划怎么样？,你/知道/我们/一周/最后/怎么/？,,1.701127401645095
train-01222,C,你觉得我是怎么的人？,你/知道/我/怎么/样子/人/是/？,,2.09515915733244
train-01223,C,你觉得我能走得到那儿吗？,你/知道/我走/到/那/可以/？,,1.6560924317344727
train-01224,C,你觉得测验怎么样？,你/知道/检查/怎么/？,,1.6139116000068625
train-01225,C,你觉得生活中最好的回忆是什么？,你/知道/生活/最2/好/回忆/什么/？,,1.7101117007001783
train-01228,C,你觉得自己是否已经很独立了呢？,你/知道/自己/独立/是/？,,1.582450570830888
train-01230,C,你觉得自己有什么能力可以帮助别人？,你/知道/自己/有/什么/能力/帮助/别人/可以/？,,1.7745996430643587
train-01231,C,你觉得运动对生活的影响大吗？,你/知道/运动/对/生活/影响/大/？,,1.6383854090442906
train-01232,C,你觉得这个茶怎么样？,你/知道/这/茶/怎么/？,,1.8210111981907193
train-01234,C,你觉得这种图案怎么？,你/知道/这/图案/怎么/？,,1.6249959883481058
train-01235,C,你觉得这道菜好吃吗？,你/知道/这/菜/好/吃/？,,1.9859038864094827
train-01236,C,你觉得那是真的吗？,你/知道/那/真2/？,,1.7405551946705322
train-01237,C,你觉得饭菜的味道怎么样？,你/知道/菜/吃/怎么/？,,1.7867178207071452
train-01239,C,你认为人生中最重要的事情是什么？,你/认为/人生/最2/重要/事情2/什么/？,,1.7049121380940373
train-01247,C,你认为哪个更好呢？,你/认为/哪/更2/好/？,,1.69527731845744
train-01249,C,你认为如何保持良好的工作生活平衡？,你/认为/保持/好/工作/生活/平衡/怎么/？,,1.5691837516834315
train-01252,C,你认为家务活应该由谁来做？,你/认为/家/务{义务第二个动作}/谁/做/？,,1.5169629000160556
train-01253,C,你认为心理健康重要吗？,你/认为/心/健康/重要/？,,1.5690751173833144
train-01255,C,你认为最重要的财富是什么？,你/认为/最2/重要/钱/丰富/什么/？,,1.629163352474488
train-01256,C,你认为朋友之间会产生竞争吗？,你/认为/朋友/竞争/有/？,,1.5179137448452078
train-01257,C,你认为朋友重要还是家人重要？,你/认为/朋友/重要/家/人/重要/？,,1.751042380986724
train-01259,C,你认为生命中最大的幸福是什么？,你/认为/生命/最2/大/幸福/什么/？,,1.5659866941133265
train-01262,C,你认为自己是个早起的人还是晚睡晚起？,你/认为/自己/早上1/起床/还/晚上/睡觉/晚上/起床/？,,1.523248224950909
train-01263,C,你认为自己最擅长做什么？,你/认为/自己/最2/擅长/做/什么/？,,1.6918197561422472
train-01265,C,你认为购物渠道对价位的影响有多大？,你/认为/买/东西/方法/对/钱/影响/大/多少/？,,1.7446311392299114
train-01266,C,你认为运动对健康有多重要？,你/认为/运动/对/健康/多少/重要/？,,1.657443593039268
train-01267,C,你认为钱能带来快乐吗？,你/认为/钱/给（我）/快乐/可以/？,,1.529415616807029
train-01268,C,你讨厌我吗？,你/讨厌/我/？,,1.6042000546167525
train-01270,C,你说什么都没用。,你/说/什么/没/用/。,,1.602667782938111
train-01271,C,你说得挺有道理的。,你/说/有/道理/。,,1.5690020756265521
train-01272,C,你说我该种些什么好呢？,你/说/我/种/什么/好/？,,1.9230402806472096
train-01273,C,你说的可是真的？,你/说/真2/？,,1.753125366356631
train-01275,C,你说谁干的？,你/说/谁/做/？,,1.8239762096461944
train-01280,C,你身体好吗？,你/身体/好/？,,1.7950461689795618
train-01281,C,你还好吗？,你/还/好/？,,1.7494611168963912
train-01282,C,你还得花更多的时间来练习这个。,你/还/用/更2/多/时间/练习/这/。,,1.6274210867855101
train-01283,C,你还是新手吧。,你/新1/手/是/。,,1.6449142321517143
train-01285,C,你还有别的需求吗？,你/还/有/他/要求/？,,1.7721818513107783
train-01286,C,你还要点什么别的吗？,你/又/要/什么/？,,1.8762685369092296
train-01289,C,你这个东西哪里买的？,你/这/东西/哪/买/？,,1.9305379096556263
train-01290,C,你这人怎么这样啊。,你/这/人/这/样子/为什么/。,,2.0719331388930944
train-01292,C,你这是要去哪里？,你/去/哪/？,,1.844500123545687
train-01295,C,你这次考试的结果如何？,你/这/考试1/结果/怎么/样子/？,,1.528882099573996
train-01296,C,你这次赚大了。,你/这/赚/多/。,,1.6230539982351933
train-01297,C,你这辆出租车有人坐吗？,你/这/出租车/人/有/？,,1.7923819663574145
train-01298,C,你这里有什么小吃吗？,你/这/小/吃/有/？,,2.025985030711139
train-01300,C,你通常会在哪些网站上寻找商品信息？,你/经常/在/什么/网/找/商品/信息/？,,1.6350528749380908
train-01301,C,你通常使用哪种方式来查找商品信息？,你/经常/用/什么/方法/找/商品/信息/？,,1.6133421622435276
train-01302,C,你通常做哪些运动？,你/经常/做/什么/运动/？,,1.8214583981404182
train-01303,C,你通常吃哪种类型的早餐？,你/经常/吃/什么/种类/早上1/吃/？,,1.7432987154221802
train-01304,C,你通常周末都会做什么？,你/经常/一周/最后/做/什么/？,,1.6932899535577701
train-01305,C,你通常喜欢买哪些类型的鞋子？,你/经常/喜欢/买/什么/种类/鞋/？,,1.7445122408276545
train-01306,C,你通常在健身房里做什么？,你/经常/在/健身房/做/什么/？,,1.6768051794574745
train-01308,C,你通常穿什么样的衣服？,你/经常/穿/什么/样子/衣服/？,,1.740625068180987
train-01309,C,你通常选择什么样的早餐？,你/经常/挑选/什么/样子/早上1/吃/？,,1.686894222451848
train-01310,C,你通常采用怎么的方式来寻找独特的商品？,你/经常/用/什么/方法/找/特别/商品/？,,1.635516868344106
train-01311,C,你那里天气怎么样？,你/那/天气/怎么/？,,1.712072652536353
train-01312,C,你都喜欢看什么类型的电视？,你/喜欢/看/什么/种类/电视/？,,1.818543594627998
train-01313,C,你都能回答这个问题吗？,你/都/回答/这/问题/可以/？,,1.7245618986402231
train-01316,C,你难道不感兴趣吗？,你/兴趣/没有/？,,1.6092566395506265
train-01317,C,你难道没错吗？,你/错误/没有/？,,1.5801302472827672
train-01318,C,你需不需要来点儿？,你/要/不/？,,1.9882809291908639
train-01321,C,你需要去运动锻炼一下。,你/要/去/锻炼/。,,1.5946654205703483
train-01337,C,做好事不错。,做/好/事情2/不/错误/。,,1.63251135707268
train-01338,C,健康是最佳的礼物。,健康/是/最2/好/礼物/。,,1.621680140970417
train-01339,C,偷偷告诉你，我喜欢你。,偷/告诉/你/我/喜欢/你/。,,1.8919978950086167
train-01341,C,像往常一样，来开会的人不多。,像/前/一样/来/开会/人/多/不/。,,1.546161664757248
train-01345,C,先完成你要做的事情。,第一/完/你/要/做/事情2/。,,1.5547919216084123
train-01376,C,再过几分钟就好了。,再/等/多少/分钟/好/。,,1.5248732401429157
train-01395,C,别人能行的我也能行。,别人/可以/我/一样/可以/。,,1.8925536645308496
train-01402,C,别害怕，你的后边我在呢。,害怕/不/你/后2/我/在/。,,1.569605439198715
train-01408,C,别担心了，那是常有的事。,担心/不/经常/有/事情2/是/。,,1.6814047778535834
train-01411,C,别用那种眼神看着我。,用/那/眼/看1/我/不/。,,1.5908105169940019
train-01423,C,到底想让我做什么？,到底/想/让/我/做/什么/？,,1.6899544989199724
train-01429,C,办公室各种工作我都能做。,办公室/全部/工作/我/做/可以/。,,1.659983060529043
train-01431,C,加入我们吧。,增加/我们/可以/。,,1.5837878699005357
train-01441,C,医生说我需要注意饮食。,医生/说/我/注意/吃/喝/要/。,,1.6958626493401796
train-01443,C,医生，我是怎么了？,医生/我/怎么/？,,1.5862767484529838
train-01468,C,你这颗球传的不错。,你/这/传球/好/。,传球,1.6715854493561035
train-01471,C,你顺便问一下他去干嘛了。,你/顺便/问/他/做/什么/。,顺便,1.6583190495088225
train-01482,C,妈妈是我心中的榜样。,妈妈/我/心/中/目标/是/。,,1.602382847051116
train-01499,D,又有一只猫来到我家。,又/猫/一/来/到/我/家/。,,1.530094211072651
train-01501,D,又要干嘛去。,又/做/什么/去/。,,1.694022507963372
train-01514,D,只要你想做，你就一定能做得到。,只要2/你/想/做/你/做/到/可以/。,,1.9928298488968126
train-01516,D,只要你相信我。,只要2/你/相信/我/。,,1.5344145447140631
train-01530,D,可以带我去买吗？,可以/带/我/去/买/？,,1.916798635256737
train-01534,D,可以拜托你做一件事吗？,可以/拜托/你/做/事/？,,1.5696987540105887
train-01541,D,可以跟你借点钱吗？,可以/找/你/借/钱/？,,1.6003947876236888
train-01542,D,可以跟我说。,可以/和/我/说/。,,1.9721585669318533
train-01567,D,听到这消息我很高兴。,听/这/消息/我/很1/高兴/。,,1.560871730045335
train-01569,D,听说你家有空房间。,听说/你/家/有/空/房子/。,,1.5146314064112458
train-01574,D,告诉你怎么做就怎么做。,告诉/你/怎么/做/就/怎么/做/。,就,1.756438653055033
train-01581,D,周末有什么计划？,周末/有/什么/计划/？,,1.5054859694746032
train-01582,D,和你最好的朋友都喜欢做什么？,和/你/最2/好/朋友/都/喜欢/做/什么/？,,2.0273116173722423
train-01598,D,哪些习惯可以帮助我们改变生活？,什么/习惯/可以/帮助/我们/改变/生活/？,,1.701638224028115
train-01600,D,哪有的事儿。,这/事/没有/。,,1.5064675203575366
train-01603,D,哪来的这么多钱？,这/多/钱/来/哪/？,,1.780988558784671
train-01613,D,喜欢这件套裙吗？,这/裙子/喜欢/？,,1.5844401667172368
train-01624,D,因为你是我喜欢的那种类型。,因为/你/是/我/喜欢/类型/。,,1.8033566565847994
train-01627,D,因为我喜欢的东西都很贵。,因为/我/喜欢/东西/都/很1/贵/。,,1.7191545327940176
train-01655,D,在很长一段时间内。,在/长/这/时间/里/。,,1.696769200217963
train-01663,D,在购物时，你偏好通过什么方式付款？,买/东西/时候/你/喜欢/用/什么/付钱/？,付钱,1.7322420071856466
train-01697,D,多久能到货？,多少/时间/到/？,,1.598990519318758
train-01699,D,多少都可以。,多/少/都/可以/。,,1.6589704720994454
train-01716,D,大熊猫是我最喜欢的动物。,大/熊猫/是/我/最2/喜欢/动物/。,,1.5217833228486708
train-01734,D,天气这么好，出去吗？,天气/好/出去/要/？,,1.500114910966574
train-01739,D,太好了，你同意我的想法。,好/你/同意/我/想法/。, 同意、想法,1.658471054087191
train-01759,D,她喜欢什么？,她/喜欢/什么/？,,1.6924521130281576
train-01770,D,她是我的英语老师。,她/是/我/英语/老师/。,英语,1.714597612522579
train-01797,D,好的，我会试试看。,好/我/会/试试/。,,1.5218902798584266
train-01798,D,好的，我知道了。,好/我/知道/。,,1.8854079139087836
train-01822,D,如果你愿意可以来。,如果/你/愿意/可以/来/。,,1.7568750722808033
train-01826,D,如果可以的话我喜欢窗边的桌子。,如果/可以/我/喜欢/窗户/边/桌子/。,,1.5324340508845342
train-01831,D,如果我们聘用你，你什么时候能上班？,如果/我们/聘用/你/你/什么/时候/可以/上班/？,,1.7378707917081269
train-01834,D,如果我是你的话我不会往心里去。,如果/我/是/你/我/不/会/放/心/。,,2.094445985958092
train-01836,D,如果有什么要求的话，请尽管向我提出。,如果/有/要求/请/全部/告诉/我/。,,1.5584816173737348
train-01838,D,如果现在出发，我们还赶得上。,如果/我/现在/出发/我们/赶上/可以/。,,1.5173602063220857
train-01890,D,对不起占用你太多时间了。,对不起2/用/你/时间/多/。,,1.7938039474574425
train-01910,D,对我很重要。,对/我/重要/很1/。,,1.7336097576532956
train-01913,D,对此我非常抱歉。,对/这/我/抱歉1/。,,1.5470980625007478
train-01918,D,对这个一无所知。,对/这/问题/不知道/。,,1.515828622328763
train-01926,D,就按你说的办吧。,按/你/说/做/。,,1.5057632882408947
train-01927,D,就是我。,是/我/。,,1.922760941966682
train-01929,D,就是这个。,这/是/。,,1.7515216647350147
train-01956,D,希望你对此问题给予关注。,希望/你/对/这/问题/关注/。,,1.5762023078952878
train-01959,D,希望帮到你。,希望/帮助/到/你/。,,1.702180703410633
train-01961,D,希望你再来我们这儿。,希望/你/再/来/我们/这/。,,1.9667577213451346
train-01963,D,希望我们今后还能见面。,希望/我们/以后/还/可以/见面/。,,1.5681857251342897
train-01978,D,我不喜欢银色的家具。,我/不/喜欢/银色/家具/。,银色,1.5183925213226803
train-01981,D,我什么时候都有时间。,我/什么/时候/都/有/时间/。,,2.01780511062793
train-01982,D,我今早浑身发冷。,我/今天/早上1/冷/。,,1.6200268890696883
train-01987,D,我们需要在这扎营。,我们/要/在/这/扎营/。,扎营,1.6490639430769842
train-01990,D,我到现在都没有头绪。,我/到/现在/逻辑/没有/。,,1.5631831730436332
train-02008,E,应缴款项截止到什么时候？,应该/给/钱/时间/停止/什么/？,,1.6245680074121343
train-02026,E,当然是我了。,一定1/是/我/。,,1.74968293681958
train-02029,E,当然，我很想去。,一定1/我/想/去/。,,1.833152615944634
train-02030,E,当着大家面我不敢唱歌。,大家/在/我/不/勇敢/唱歌/。,,1.647411133589513
train-02048,E,很高兴再次见到你。,再/见/你/高兴/。,,1.5120791835259708
train-02049,E,很高兴听你这样说。,听/你/这样/说/高兴/。,,1.5723508987160593
train-02050,E,很高兴我能帮上忙。,我/帮助/可以/高兴/。,,1.8096896969905152
train-02062,E,快来看一下这个好消息。,快/来/看/好/信息/。,,1.554512623897664
train-02101,E,你介意我坐在这儿吗？,我/坐/这/你/同意/？,,1.9538236763411814
train-02103,E,你做什么工作？,你/工作/什么/？,,1.9204045103691367
train-02110,E,你可以看一下这个。,你/看/这个/可以/。,,1.8849283981007658
train-02117,E,你坐出租车会快得多。,你/坐/出租车/会/快/多/。,,1.5136912424347204
train-02118,E,你好，请问你要办理什么业务？,你/好/你/要/办/什么/业务/？,,1.7202733513763517
train-02119,E,你学得很好。,你/学/好/。,,1.7342866568079882
train-02121,E,你家人都好吗？,你/家/人/好/？,,1.957030179745844
train-02123,E,你就别夸我了。,你/夸奖/我/不/。,,1.756082439671831
train-02129,E,你想找哪位接电话？,你/想/找/谁/电话/？,,1.7111180109294388
train-02130,E,你想要理什么式样的？,你/想/要/理发/样子/什么/？,,1.738045199214364
train-02131,E,你想要什么材质的沙发？,你/想/要/沙发/什么/形式/？,,1.6345772178428228
train-02132,E,你想要什么样的牛排？,你/想/要/牛排/什么/样子/？,牛排,1.738045199214364
train-02133,E,你想要喝点什么？,你/想/要/喝/什么/？,,2.009137396936582
train-02134,E,你打算住多久？,你/想/要/住/时间/多少/？,,1.920464403071265
train-02136,E,你明天就走了吗？,你/明天/走/？,,1.6287301320185406
train-02137,E,你是从哪个方向来的？,你/什么/方向/来/？,,1.5230914610842867
train-02138,E,你喜欢在这儿吃吗？,你/喜欢/在/这/吃/？,,2.1015190094112053
train-02141,E,你有可用的餐桌吗？,你/吃/桌/用/可以/有/？,,1.7614449539626365
train-02142,E,你有多少钱要存入呢？,你/有/钱/存/多少/？,,1.6632421092476342
train-02144,E,你此行的目的为何？,你/去/目的/什么/？,,1.6203291160222846
train-02147,E,你现在可以点菜吗？,你/现在/点/菜/可以/？,,1.7892695388740594
train-02150,E,你的房子真好。,你/房子/真/好/。,,1.7011869679094602
train-02153,E,你的维吾尔语说得不错嘛。,你/维吾尔/语言/说/可以/。,,1.5019990821232276
train-02159,E,你能告诉我书有什么问题吗？,你/告诉（我）/书/问题/有/什么/？,,1.6833336053184829
train-02163,E,你能说慢一点儿吗？,你/说/慢/可以/？,,1.7878887651181508
train-02167,E,你要往哪个方向去？,你/去/哪/？,,1.844500123545687
train-02170,E,你订购的货物可随时交付。,你/买/东西/随时/给/可以/。,,1.6326011078718288
train-02172,E,你说的有道理。,你/说/有/道理/。,,1.5690020756265521
train-02175,E,你身体好吗？,你/身体/好/？,,1.7950461689795618
train-02179,E,你这儿有什么特色风味吗？,你/这/特色/风/品尝/有/什么/？,,1.5062876240541772
train-02181,E,你这儿都有什么邮票？,你/这/邮票/有/什么/？,,1.8417168320722361
train-02184,E,你需要早餐吗？,你/早上1/吃/要/？,,1.8248090985752854
train-02186,E,情人节那天你会带我出去吗？,情人节/你/带/我/出去/会/？,,1.513707099832594
train-02192,E,想想你买它所得到的好处吧。,想/你/买/它/优点/有/什么/。,,1.768275556538223
train-02196,E,想起了什么。,想/到/什么/。,,1.7142125404527726
train-02202,E,感谢你为我做的一切。,感谢/你/为/我/做/所有/。,,1.598341099906895
train-02204,E,愿意和我一起去看电影吗？,愿意/和/我/一起/看/电影/？,,1.653758565822081
train-02211,E,我一件干净衣服都没有了。,我/干净/衣服/一个/都/没有2/。,,1.5559294378758213
train-02217,E,我一直没有工作过，这是我第一次找工作。,我/一直/工作/没有/这/是/我/第一次/找/工作/。,,2.002451276708686
train-02227,E,我不会用。,我/用/不会/。,,1.5839747480062778
train-02228,E,我不会再找你麻烦了。,我/再/找/你/麻烦/不会/。,,1.5919929889825153
train-02236,E,我不同意。,我/不/同意/。,,1.6695804182118295
train-02238,E,我不喜欢你了。,我/不喜欢/你/。,,1.9734803682966682
train-02242,E,我不喜欢在购物中心买东西。,我/买/东西/中心/买/东西/不喜欢/。,,1.5558891413331248
train-02244,E,我不喜欢这份工作。,我/这个/工作/不喜欢/。,,1.6277671053743448
train-02248,E,我不干了。,我/不/做/。,,1.9734016632403213
train-02249,E,我不得不独自做这项工作。,我/必须/自己/做/这个/工作/。,,1.763999631703843
train-02251,E,我不懂你说的。,我/不知道/你/说/。,,1.970017980732407
train-02252,E,我不接受你的道歉。,你/对不起2/我/不接受/。,,1.5391107638839678
train-02257,E,我不明白。,我/不知道/。,,1.5385798962063848
train-02258,E,我不明白她想要什么。,我/不知道/它/想/要/什么/。,,1.8963497786616412
train-02261,E,我不知该怎么向你道歉。,我/怎么/对不起2/不知道/。,,1.5780256968339068
train-02262,E,我不知道。,我/不知道/。,,1.5385798962063848
train-02263,E,我不知道今天的作业是什么。,我/今天/作业/什么/不知道/。,,1.784262362887964
train-02275,E,我不能独立完成这件。,这/事/我/自己/胜利1/不行/。,,1.5182727980980246
train-02278,E,我不这么认为。,我/不/同意/。,,1.6695804182118295
train-02286,E,我为你而来。,我/为/你/来/。,,1.9424734636858978
train-02288,E,我为这个向你道歉。,我/为/这/向/你/道歉/。,,1.5052215489073706
train-02293,E,我也是。,我/也/是/。,,1.6920707064750116
train-02300,E,我买不起一部新车。,我/买/新/车/不行2/。,,1.687548012429513
train-02301,E,我买了一个这么大的蛋糕。,我/买/这/大/蛋糕/一个/。,,1.5895851090557032
train-02305,E,我了解你的意思。,我/了解/你/意思/。,,1.5185782955045384
train-02307,E,我什么时候可以去你那儿坐坐？,我/什么/时候/可以/去/你/那/坐/？,,2.1209239570497243
train-02310,E,我今天心情很好。,我/今天/心情/好/。,,1.569141868876224
train-02311,E,我今天晚上没空。,我/今天/晚上/没有2/时间/。,,1.8781390740619142
train-02312,E,我今天没有作业。,我/今天/没有2/作业/。,,1.7361798191470257
train-02323,E,我从没想过它们会这么脏。,我/以前/没有2/想/他们/这/脏/。,,1.6495004665291808
train-02324,E,我从没有这么高兴过。,我/以前/没有2/这样/高兴/。,,1.5452103808120956
train-02327,E,我以前把他看作是一位朋友。,我/以前/把/他/看/是/朋友/。,,1.6731922452851729
train-02346,E,我们今天晚上干什么呢？,我们/今天/晚上/做/什么/？,,1.880705099599681
train-02347,E,我们今天有家庭作业吗？,我们/今天/家/T/作业/有/？,,1.5185612042873269
train-02350,E,我们从他的信中可以看出他不高兴。,我们/看/信/可以/发现/他/不/高兴/。,,1.6160778491615309
train-02356,E,我们何不去散散步呢？,我们/去/散步/为什么/不/？,,1.5364580666936583
train-02359,E,我们先做这部分吧。,我们/先/做/这/部分/。,,1.6336117913155785
train-02364,E,我们别再联系了。,我们/再/联系/不/。,,1.5762228040252437
train-02375,E,我们去看电影吧。,我们/去/看/电影/。,,1.6979915255401683
train-02383,E,我们可以再找个时间聚一聚。,我们/可以/再/找/时间/一起/。,,1.798830215456013
train-02385,E,我们可以去实验室看吗？,我们/可以/去/实验室/看/？,,1.620382464821917
train-02386,E,我们可以去旅游。,我们/去/旅游/可以/。,,1.7933502658586662
train-02399,E,我们在哪里见面？,我们/在/哪里/见面/？,,1.5411689021143822
train-02401,E,我们在这里看电视。,我们/在/这/看/电视/。,,1.8136947649597748
train-02416,E,我们已经作出了很大的努力。,我们/努力/大/完了/。,,1.5285152945333202
train-02418,E,我们已经租了很长时间的房子了。,我们/租/房子/时间/长/。,,1.5104475680749134
train-02424,E,我们应该充分利用我们的时间。,我们/应该/用/好/我们/时间/。,,1.9275684120506384
train-02448,E,我们改成明天去怎么样？,我们/改变/明天/去/怎么样/？,,1.5447870625206315
train-02460,E,我们有几个问题想问你。,我们/有/几个/问题/想/问/你/。,,1.6993535509657764
train-02461,E,我们有孩子了。,我们/有/孩子/。,,1.5523900125384409
train-02471,E,我们没在这儿吃过。,我们/在/这/吃过/没有2/。,,1.5630397159734226
train-02485,E,我很喜欢他踢球的样子。,我/喜欢/他/踢球/样子/。,,1.6325190528962332
train-02486,E,我很喜欢做家务。,我/喜欢/做/家务/。,,1.5999633378094607
train-02490,F,我们现在有很多事情要做。,我们/事情/多/现在/。,,1.687988131876748
train-02497,F,我们的饭菜很丰盛。,我们/菜/多/很/。,,1.604703449003538
train-02506,F,我们能进到里面吗？,我们/进/里面/可以/？,,1.5022485477315648
train-02507,F,我们自己的大型客机。,飞机/大/我们/自己/有/。,,1.719134491059058
train-02517,F,我们还可以再见面吗？,我们/再/见/可以/？,,1.624642203729207
train-02522,F,我们都为你的进步而高兴。,你/进步/我们/都/高兴/。,,1.503680033694778
train-02523,F,我们都想要幸福。,幸福/我们/都/想/要/。,,1.7197244013394313
train-02526,F,我们需要多做些练习。,我们/练习/多/做/要/。,,1.5787334996305098
train-02536,F,我会把照片寄给你的。,照片/我/快递/你/。,,1.7144272511864145
train-02549,F,我做不了，我不行。,我/做/不行2/我/不行2/。,,2.1006132174548062
train-02550,F,我做不到，我受不了了。,我/做/不行2/我/忍/不行2/。,,1.8005256149612625
train-02552,F,我做了件礼物给你，希望你喜欢。,给（你）/礼物/我/做/希望/你/喜欢/。,,1.7745036012999629
train-02557,F,我6点钟见你。,我/见/你/6点/。,6点,1.5125856508290496
train-02559,F,我走不动了。,我/走/不行2/。,,1.711200654828034
train-02561,F,我准备去睡觉了。,我/睡觉/准备/。,,1.525601565311262
train-02562,F,我几乎不去电影院，都在电视机上看电影。,我/去/电影院/少/看/电影/都/电视/。,,1.5406329227065758
train-02568,F,我刚离开学校，以前我从未工作过。,我/学校/完成/以前/工作/没有/。,,1.656653738094001
train-02571,F,我去找个人来修一下。,我/找/人/来/修/。,,1.5149513550192317
train-02575,F,我等会去。,我/等/去/。,,1.8529338755965583
train-02576,F,我去买点东西。,我/去/买/东西/。,,1.8973151054813748
train-02577,F,我参加了很多课外活动。,课/外/活动/我/参加/多/。,,1.5011026377147811
train-02578,F,我又不是不懂。,我/知道/。,,1.695595598542208
train-02579,F,我又做错什么了？,我/错/什么/？,,1.703369893659326
train-02582,F,我发誓我不认识。,我/认识/不/我/发誓/。,,1.6391114789512067
train-02585,F,我另有安排。,我/安排/外/有/。,,1.6574195384125292
train-02587,F,我只想随便买一些现成的衣服。,我/衣服/随意/买/现在/有/。,,1.685189920440456
train-02594,F,我可以为你做点什么吗？,我/做/什么/给（你）/？,,1.6133106231281347
train-02595,F,我可以加你微信吗？,我/微信/加/你/可以/？,,1.6800835239761096
train-02596,F,我可以十点过后再回家吗？,我/十点/以后/到/家/可以/？,,1.6106333946939209
train-02597,F,我可以去参观你的房间吗？,我/看/你/房间/可以/？,,2.0755074907692883
train-02600,F,我可以和你谈一会儿话吗？,你/我/咱俩/交流/可以/？,,1.6932803983173805
train-02603,F,我可以帮助你吗？,我/帮助/可以/？,,1.8928318075582284
train-02604,F,我可以帮助吗？,我/帮助/可以/？,,1.8928318075582284
train-02607,F,我可以把车停这儿吗？,车/放/这/可以/？,,1.6357206281557548
train-02608,F,我可以提个问题吗？,我/问题/说/可以/？,,1.930255564023327
train-02610,F,我可以来你公司上班吗？,我/工作/到/你/公司/可以/？,,2.058619740143207
train-02612,F,我可以牵你的手吗？,我/牵/你/可以/？,,1.8161002287713317
train-02615,F,我可以用很好的英语来表达自己的观点。,我/英语/表达/观点/好/我/可以/。,英语,1.6085445350207606
train-02616,F,我可以看一下吗？,我/看/可以/？,,2.0041251669882403
train-02618,F,我可以租东西吗？,我/东西/租（我）/可以/？,,1.532531473172027
train-02619,F,我可以等会再吃吗？,我/吃/等/一会儿/可以/？,,1.8058246986312494
train-02621,F,我可以要一些饼干吗？,饼干/我/要/可以/？,,1.6614938675218092
train-02623,F,我可以试一下这条裙子吗？,这/裙子/我/试/穿/可以/？,,1.6083613881460364
train-02624,F,我可以走得到那儿吗？,走/到/那/我/可以/？,,1.9143069047998054
train-02625,F,我可以邀请你参加。,我/请/你/参加/。,,1.8196082911685196
train-02626,F,我可以问问我妈妈的病情吗？,我/妈妈/病情/我/问/可以/？,,1.72588715488826
train-02627,F,我可是头一次。,我/第一次/是/。,,1.7205565445517208
train-02628,F,我右边的这个人是我爸爸。,我/右/我/爸爸/是/。,,1.7275898514708647
train-02629,F,我吃完晚饭后就做作业。,我/晚上/饭/完/做/作业/。,,1.591579117221805
train-02631,F,我后悔没有更努力学习。,我/学习/努力/没有/我/后悔/。,,1.5909777422928986
train-02643,F,我和家人一起住。,我/家/人/一起/住/。,,1.6973172105870633
train-02650,F,我喜欢你的思路。,你/想法/我/喜欢/。,想法,1.7773244468890348
train-02651,F,我喜欢你的画。,你/画/我/喜欢/。,,1.7773244468890348
train-02652,F,我喜欢你的风格。,你/风格/我/喜欢/。,,1.7773244468890348
train-02656,F,我喜欢喝牛奶。,牛奶/我/喜欢/。,,1.704823453798137
train-02658,F,我喜欢帮妈妈干家务。,帮助/妈妈/家务/我/喜欢/。,,1.5155752774093714
train-02661,F,我喜欢游泳。,游泳/我/喜欢/。,,1.7203604304853481
train-02666,F,我喜欢这一种。,这/我/喜欢/。,,2.1067902695245646
train-02670,F,我回来了。,我/到/完/。,,1.6678033962122947
train-02694,F,我在上海。,我/在/上海/。,,1.6209367520244058
train-02704,F,我在楼下等着你。,我/楼/下/等/你/。,,1.609391656551247
train-02706,F,我在火车工作。,我/工作/火车/。,,1.5601772398528324
train-02710,F,我在考虑读哪个学校。,我/学校/读/什么/我/考虑/。,,1.6498849400476012
train-02712,F,我在赶时间。,我/时间/不够/。,,1.6306084499699809
train-02714,F,我在这儿买的电视有问题。,我/买/电视/问题/有/。,,1.8212859893737054
train-02715,F,我在这里待太久了。,我/这/待/时间/长/。,,1.6108749546388668
train-02724,F,我好像在哪儿见过你？,我/见/你/之前/有/好像/？,,1.6075385233261077
train-02727,F,我妈妈是一家之主。,我/妈妈/做/主/家/是/。,,1.6696053449392987
train-02736,F,我对他的工作非常满意。,他/工作/我/满意/很/。,,1.6995435918881212
train-02744,F,我对目前的生活心满意足。,我/生活/现在/满意/。,,1.6196869320941094
train-02748,F,我将至少住一周。,我/住/一周/多/。,,1.5479944245335964
train-02749,F,我就不该相信你。,相信/你/我/错/。,,1.742693081745708
train-02754,F,我工作非常努力。,我/工作/努力/很/。,,1.6138268964464864
train-02755,F,我左边的是我妈妈。,我/左/我/妈妈/是/。,,1.7866357694070658
train-02759,F,我已经决定要出国念书了。,我/决定/读书/到/中国/外/。,,1.541476778522828
train-02760,F,我已经准备好了。,我/准备/好/。,,1.7988808213089913
train-02765,F,我已经等了一周了但仍然没有回复。,我/等/一周/有/答案1/没有/。,,1.544287742919813
train-02766,F,我已经练习过很多次了。,我/练习/多/有/。,,1.6116752428802772
train-02767,F,我已经试过很多次了。,我/试验1/多/有/。,,1.6116752428802772
train-02772,F,我希望我能通过锻炼保持身材。,我/希望/锻炼/我/身体/保持/。,,1.5492041015709141
train-02774,F,我希望有一天能去你的家乡。,我/希望/去/你/家乡/时间/有/。,,1.913750116140852
train-02779,F,我帮你在这个广场上拍一张吧。,你/广场/我/帮助/拍照/好不好/。,,1.542352607500095
train-02780,F,我帮你一把吧。,我/帮助/好不好/。,,1.596186889890732
train-02783,F,我应该看哪个医生？,医生/我/找/哪/？,,1.5756776998984081
train-02790,F,我开始回想起我的童年。,我/想/小孩/年/。,,1.6610163702514746
train-02792,F,我很乐意借给你钱。,我/钱/借（你）/我/愿意/。,,1.6238164167252658
train-02794,F,我很喜欢你的公寓。,我/喜欢/你/房子/很/。,,2.0389269495240274
train-02795,F,我很喜欢和你一起工作。,工作/你/一起/我/喜欢/很/。,,2.0135267403703674
train-02796,F,我很喜欢这里。,这里/我/喜欢/很/。,,1.9508593933292406
train-02799,F,我很想去，但是不怎么会打高尔夫球。,我/想/去/但是1/高尔夫/我/不会/。,,1.553264388794469
train-02800,F,我很想去，但是我需要去工作。,我/想/去/但是1/我/工作/需要2/。,,1.6418288040747502
train-02803,F,我很抱歉在这个时候提出辞呈。,我/现在/说/辞职/我/抱歉/。,,1.5197255270864791
train-02805,F,我很爱我的妻子。,我/妻子/我/爱/她/。,,1.7510544156524224
train-02806,F,我很累。,我/累/很/。,,1.5006710782474322
train-02810,F,我得上床睡觉了。,我/去/床/睡觉/要/。,,1.5648852690362371
train-02812,F,我得写完作业才能出去玩。,我/作业/写/完/出去/玩/可以/。,,1.5243509333646892
train-02817,F,我微笑在你心间。,我/在/你/心/笑/。,,1.879473101379034
train-02820,F,我必须说他工作干得很出色。,他/工作/优秀/我/说/必须/。,,1.5828972429323398
train-02831,F,我怎么了？,我/什么/？,,1.924028963159693
train-02832,F,我怎么去找我要的书？,书/我/要/找/怎么/？,,1.8518803010207066
train-02833,F,我怎么没有看见你妈妈昨天跟我说的那路公交车呢？,你/妈妈/昨天/告诉（我）/公交车/我/看/没有/？,,1.6259239522247553
train-02835,F,我怎么能联系你？,我/联系/你/怎么/？,,1.923311079144097
train-02836,F,我恐怕今天不能上班了。,我/担心/今天/去/上班/不行2/。,,1.552835600254971
train-02838,F,我恐怕这事不会成的。,我/担心/这/事/不行2/。,,1.7218770024174466
train-02840,F,我想与一个男孩合住一套公寓。,我/想/房子/住/和/男/一/。,,1.6846996517835182
train-02842,F,我想买一个书桌来放我的书。,我/想/买/桌子/放/书/。,,1.7378229182694032
train-02843,F,我想买一个洗衣机。,我/想/买/洗衣机/。,,1.5310605026640847
train-02845,F,我想买一玩具。,我/想/买/玩具/。,,1.7393390396957298
train-02846,F,我想买一瓶香水。,我/想/买/香水/。,,1.5310605026640847
train-02850,F,我想休息一周与我的家人团聚。,我/想/休息/一周/家/人/一起/。,,1.730287036225188
train-02851,F,我想休息一段时间。,我/想/休息/时间/阶段2/。,,1.5232390235001372
train-02853,F,我想你应该知道你需要住院。,你/住院2/要/你/应该/知道/。,,1.779221538550869
train-02856,F,我想停用这里的账户。,我/这/账户/想/停/。,,1.5524503487892065
train-02858,F,我想吃法国菜。,我/想/吃/法国/菜/。,,1.540606733621875
train-02860,F,我想告诉大家，我真的很高兴能与你们一起工作。,我/想/告诉/大家/一起/工作/我/开心/真1/。,,1.740748811250242
train-02861,F,我想和你谈一下。,我/你/咱俩/说话/。,,1.7502507939235883
train-02863,F,我想在农村买一座房子。,房子/我/想/买/农村/。,,1.568529561498819
train-02868,F,我想多了解一点。,我/想/了解1/多/。,,1.5527372793536849
train-02869,F,我想多呆一会儿。,我/想/等/一会儿/。,,1.6915667668339114
train-02870,F,我想多学点东西。,我/想/学习/东西/多/。,,1.8148070377248258
train-02876,F,我想延长住宿的时间。,我/住/时间/延长/要/。,,1.5059015192852978
train-02879,F,我想我得了感冒。,我/感冒/应该/。,,1.5170093399034463
train-02887,F,我想把这个包成礼品，可以吗？,我/想/这/包2/礼物/可以/？,,1.7569625955691792
train-02889,F,我想把这封信写完。,我/想/信/写/完成/。,,1.5066749181441519
train-02894,F,我想拓展我的视野。,我/想/看/开拓/。,,1.533754017604046
train-02896,F,我想换手机。,我/想/手机/换/。,,1.5803493621397258
train-02899,F,我想求你件事。,我/想/求/你/事/。,,1.6685873608127928
train-02905,F,我想看我最喜欢的卡通片。,我/想/看/什么/我/最/喜欢/动画片/。,,1.895200781017301
train-02907,F,我想知道你的一切。,你/所有/我/想/知道/。,,1.9438683597817714
train-02911,F,我想给我儿子买个玩具。,我/想/买/玩具/给/我/儿子/。,,1.7060283736276247
train-02912,F,我想给我妈买点儿护肤品。,我/想/买/护肤霜/给/我/妈妈/。,,1.7903547059371965
train-02914,F,我想要一个导游。,导游/我/要/一/。,,1.5166575329676033
train-02917,F,我想要一条幸福美满的婚姻。,我/想/婚姻/幸福/要/。,,1.5316979465090983
train-02918,F,我想要和那个一样的。,那/我/要/一样/。,,1.8054449417488303
train-02920,F,我想要张特大号的床。,我/要/床/大/。,,1.5261080292971285
train-02921,F,我想要有家具的房子。,房间/里/家具/有/我/要/。,,1.727880258560155
train-02924,F,我想要间客房。,睡觉/房间/我/要/一/。,,1.7000480009931527
train-02926,F,我想让你见见我的父母。,我/想/带1/你/我/父母/见/。,,1.6393033808137143
train-02931,F,我想跟爸爸一起出门。,我/想/门/去/和/爸爸/。,,1.7953221213226764
train-02932,F,我想换一下环境。,我/想/环境/换/。,,1.6113297541368745
train-02942,F,我愿意和你白头到老。,和/你/过/一生/我/愿意/。,,1.5242396444329673
train-02943,F,我愿意帮助你。,帮助/我/愿意/。,,1.534518806555385
train-02951,F,我找不到我的行李。,我/行李/找/没有/。,,1.6511182513519895
train-02952,F,我找到了一个新工作。,我/新/工作/找/到/有/。,,1.862207304725762
train-02957,F,我把钱借给他了。,钱/我/借2/他/。,,1.5284818233913344
train-02959,F,我担心在观众前没话说。,我/担心/人/多/我/说话/不行2/。,,1.9092794503795896
train-02961,F,我担心的事可多了。,我/担心/事情/多/。,,1.636021962226895
train-02965,F,我挺想去的。,我/想/去/。,,1.9838285395862243
train-02971,F,我怕你把感冒传染给我。,我/害怕/你/感冒/传染/我/。,,1.521761237910651
train-02980,G,我无法相信你说的话。,你/说/我/相信/不/。,,2.0147938578243134
train-02984,G,我一直都想着你。,我/一直/想/你/。,,2.0502569007603633
train-02991,G,我昨天在这儿买的书有问题，想换一下。,昨天/我/在/这/买/书/这/有/问题/想/换/。,,1.987844018873709
train-02993,G,我昨晚梦到你了。,我/昨天/晚上/梦/有/你/。,,1.7209395245719945
train-02995,G,我是一个老师。,我/是/老师/。,,1.8113510201549272
train-02999,G,我是不会做那种事情的。,那/样子/事情2/我/做/不/。,,1.8683112641885071
train-03001,G,我是不是该约她出去？,我/应该/约/她/出去/是/？,,1.501478252549637
train-03005,G,我是个工作狂。,我/工作/上瘾/是/。,,1.5464141306491204
train-03008,G,我是中国人。,我/是/中国/人/。,,1.965675201944903
train-03010,G,我喜欢他的电影。,我/喜欢/他/演的/电影/。,,1.583700368655933
train-03021,G,我最喜欢的一处风景。,这里/风景/我/最2/喜欢/。,,1.6854370610441027
train-03025,G,我有一个好主意。,我/有/一/好/方法/。,,1.9304959005744606
train-03026,G,我有一个好消息告诉你。,我/有/一/好/消息/告诉/你/。,,1.8247394691549625
train-03027,G,我有一个很大的农场。,我/有/农场/一/大/。,,1.628746599480382
train-03028,G,我有一个更好的工作机会。,我/有/一/工作/机会/更/好/。,,1.6760575665782547
train-03029,G,我有2箱行李在出租上。,我/有/行李/二/在/出租车/里/。,,1.5193237165356515
train-03030,G,我有事要和你商量。,我/有/事情2/和/你/商量1/。,,1.7863067320717907
train-03032,G,我有些美国的邮票，能在这里用吗？,我/有/美国/邮票/这里/用/可以/？,,1.6016086840169157
train-03035,G,我有很多事要做。,我/有/多/事情2/要/做/。,,2.0470405899916893
train-03036,G,我有急事。,我/有/事情2/着急/。,,1.6987143160224096
train-03038,G,我有时候很忙。,我/有/时候/忙/很/。,,1.7068987748932132
train-03040,G,我有点累了。,我/有/少/累/。,,1.727012745154569
train-03041,G,我有男朋友了。,我/有/男/朋友/。,,1.7388755453977656
train-03046,G,我来为你加油打气。,我/来/为/你/加油/。,加油,1.6187278864049148
train-03056,G,我欠你晚餐的钱。,晚上/吃饭/钱/我/欠/你/。,欠,1.6842314571637114
train-03057,G,我正在做包子呢。,我/现在/做/包子/。,,1.5287876050751958
train-03058,G,我正在去杂货店的路上。,我/现在/走/那/杂/东西2/房子/。,,1.5413862517615073
train-03061,G,我正在找工作。,我/现在/找/工作/。,,1.805852594038948
train-03062,G,我正在攒钱，以便我能买一所房子。,我/现在/钱/存储/等/以后/买/房子/。,,1.6117036387109187
train-03074,G,我永远在你身边。,我/始终/在/你/边/。,,1.6039376824164766
train-03075,G,我没什么事。,我/事情2/没有2/。,,1.673956193416256
train-03077,G,我没听清楚。,我/听/清楚/没有2/。,,1.5520160683565507
train-03078,G,我没想到你会这么做。,你/做/这里/我/没想到/。,,1.8615247235604329
train-03080,G,我没有心思参加聚会。,这/集会/我/去/想/不/。,,1.8601052504927986
train-03081,G,我没有给你打电话。,我/电话/你/没有2/。,,1.9542585638112893
train-03082,G,我没有见过他。,他/我/见面/了/没有2/。,,1.6711895234241776
train-03093,G,我爱吃炒菜。,炒/菜/我/喜欢/吃/。,,1.5662486787087493
train-03094,G,我爱吃烤肉。,烤串/我/喜欢/吃/。,,1.5469468481141841
train-03096,G,我爱这项运动。,这/运动/我/喜欢/。,,1.9650202173540592
train-03098,G,我爸爸是一名木匠。,我/爸爸/是/做/木头/。,,1.5707461480132052
train-03099,G,我父母想让我出国。,我/爸爸/妈妈/想/我/国家/出/。,,1.6833523012815461
train-03103,G,我特别想看这个球赛。,这里/球/比赛/我/想/看/很/。,球,1.6216236371105035
train-03104,G,我现在不能出去。,我/现在/出去/不行2/。,,1.6829355854537398
train-03105,G,我现在可以用洗手间吗？,我/现在/去/卫生间/可以/？,,1.732831348430744
train-03109,G,我现在来看房子，行吗？,我/现在/去/看/房子/可以/？,,2.038590605987532
train-03110,G,我现在确实很想去见他。,我/现在/真1/想/去/见面/他/。,,1.8622023848939235
train-03111,G,我现在能出去玩会儿吗？,我/现在/出去/玩1/可以/？,,1.7064136677216493
train-03112,G,我现在要出门了。,我/现在/门/出去/。,,1.5714655341820434
train-03113,G,我现在订货的话，什么时候可以做好？,如果/我/现在/订/东西/做/好/什么/时候/？,订,1.7657167125614464
train-03114,G,我现在身体很健康。,我/身体/现在/健康/。,,1.6649807215447296
train-03116,G,我现在需要钱。,我/现在/钱/需要/。,,1.7073985040101696
train-03133,G,我的生活费花完了。,我/生活/钱/完了/。,,1.7608070487411158
train-03137,G,我的看法和你完全一致。,我/想/法1/和/你/一样/。,,1.9012440765275047
train-03146,G,我的车能载4个人。,我/车2/坐/人/四/可以/。,,1.5320156921353327
train-03151,G,我相信你。,我/相信/你/。,,1.918018180892579
train-03152,G,我相信你可以做到。,我/相信/你/做/成功1/可以/。,,1.8043199821602225
train-03156,G,我看了一眼就记下了。,我/看/了/记忆/好/。,,1.5104861846125217
train-03167,G,我真的很烦你。,我/烦/你/很1/。,烦,1.6779856144133418
train-03169,G,我真的搞得一团糟。,我/做/乱/很1/。,,1.5006245053337681
train-03171,G,我知道你喜欢吃面条。,我/知道/你/喜欢/面条/。,,1.789646763860708
train-03172,G,我知道你想要什么。,你/想/要/什么/我/知道/。,,2.2184039029323404
train-03174,G,我知道有关它的一切。,和/它/有/联系/全部/我/知道/。,,1.708798745852759
train-03175,G,我知道这附近有一些测车速的东西。,我/知道/这里/近/监督/车2/速度/东西/有/。,,1.5077119341108685
train-03177,G,我确信你一定会很满意我的服务。,我/相信/我/服务/你/一定1/满意/。,,1.8012364622990795
train-03179,G,我第一次来这里，可以向你请教吗？,我/第一次/来/这里/请教（你）/可以/？,,1.6240973875183524
train-03180,G,我简直说不出话来。,我/说/不行2/。,,1.8019212456917604
train-03181,G,我算是看透你了。,你/我/都/知道/。,,2.0148477082339946
train-03185,G,我累得说不出活来。,我/说/不行2/为什么/累/。,,1.7162650157010733
train-03197,G,我能为你服务吗？,我/为/你/服务/可以/？,,1.9514816789844949
train-03198,G,我能为你做什么？,我/可以/为/你/做/什么/？,,2.1870665458945453
train-03203,G,我能带个朋友去吗？,我/带/朋友/去/可以/？,,1.844847658086697
train-03206,G,我能坐你旁边吗？,我/坐/你/边/可以/？,,1.930941853696094
train-03207,G,我能照这个吗？,这/我/拍照/可以/？,,1.7242079975019486
train-03208,G,我能用一下你的洗手间吗？,你/卫生间/我/去/可以/？,,1.9107194183061817
train-03209,G,我能用一下你的电话吗？,你/电话/我/借/用/可以/？,,1.7697138831099817
train-03210,G,我能看一下你的机票吗？,你/飞机/票/我/看/可以/？,,2.002755138273885
train-03211,G,我能要2个热狗吗？,我/要/热狗/2/可以/？,,1.6115328622711065
train-03212,G,我能试试这件吗？,这/我/试试/可以/？,试试,1.7242079975019486
train-03219,G,我要3个苹果，可以吗？,我/要/苹果/三/可以/？,,1.5512448896015076
train-03221,G,我要买2张10月3号的票。,我/要/买/10月3号/票/2/。,10月3号,1.5286235108884925
train-03226,G,我要先走了。,我/先/走/。,先,1.5099169698107249
train-03229,G,我要去买风扇。,我/要/买/电风扇/。,,1.549514426635071
train-03233,G,我要向你挑战。,我/挑战/你/。,,1.6042000546167525
train-03236,G,我要打游戏。,我/玩1/游戏/要/。,,1.595644432674066
train-03239,G,我要是不那么说就好了。,如果/我/说/那/没有2/就/好/。,,1.776223254019284
train-03253,G,我见到的一切都不是真的。,我/看1/这/全部/真1/不是/。,,1.677916698123211
train-03254,G,我觉得你应该把所有的钱都存起来。,我/感觉/你/全部/钱/应该/储存/。,,1.6904939782340715
train-03259,G,我觉得我也需要锻炼了。,我/感觉/我/一样/锻炼2/要/。,,1.883271892823084
train-03263,G,我觉得生活质量有了很大的提高。,我/感觉/生活/质量/进步2/有/。,,1.5001002938275987
train-03266,G,我觉得该是我离开的时候了。,我/感觉/现在/我/应该/走/。,,1.982651035785547
train-03268,G,我觉得还可以。,我/感觉/可以/。,,1.9175203459848351
train-03269,G,我觉得这件衣服不合身。,我/感觉/这/衣服/不合适/。,不合适,1.5767641389308682
train-03273,G,我认为你是不同意的。,我/认为/你/同意2/不/。,,1.7373108124742238
train-03278,G,我认为这个问题很重要。,我/认为/这/问题/重要/很/。,,1.7960096553349127
train-03279,G,我认为这要看个人的观点。,我/认为/这/看/每个/人/自己/观点/。,,1.5431145786954379
train-03281,G,我认识你，但是我忘了你叫什么。,我/认识/你/但是2/你/名字/我/忘了/。,,1.5370667152148911
train-03283,G,我让他们不用来了。,我/告诉/了/他们/来/不/。,,1.6423332866165883
train-03284,G,我记下你的地址好吗？,你/地址/我/记录1/可以/？,,1.513416857309443
train-03286,G,我该去哪里找资料？,我/找/材料1/应该/去/哪/？,,1.5686813465531244
train-03287,G,我该在哪个拐角转弯？,我/应该/在/哪/拐弯/？,拐弯,1.5146294320480818
train-03288,G,我该在哪儿等车呢？,车2/我/应该/在/哪/等/？,,1.7084785039763386
train-03290,G,我该怎么办？,我/应该/怎么/做/？,,1.8716277560745855
train-03291,G,我该怎么说呢？,我/应该/怎么/说/？,,1.823350199538951
train-03294,G,我说的是事实。,我/说/事实/是/。,,1.564272253876693
train-03296,G,我说维语尔语，你懂吗？,我/说/维吾尔族/语言/你/懂/可以/？,,1.5309403674558641
train-03298,G,我请你出去吃饭吧。,我/请/你/外面/吃饭/我/付钱/。,付钱,1.5680529085081298
train-03302,G,我赶上了最后一班车。,车2/我/到/这/是/一天/最后/一/。,,1.7559055472137777
train-03304,G,我跟你走。,你/我/跟/。,,1.6042000546167525
train-03307,G,我车需要洗一洗。,我/车2/洗/要/。,洗,1.5604261808629296
train-03313,G,我还不想结婚。,我/现在/结婚/想/不/。,,1.6715090207605747
train-03314,G,我还不想订婚。,我/现在/订婚/想/不/。,,1.6715090207605747
train-03318,G,我还得重新干吗？,我/再/新1/做/要/？,,1.8542455430354117
train-03320,G,我还想看电视。,电视/我/想/看1/再/再/。,,1.7344775220165514
train-03321,G,我还是很喜欢这双鞋。,这/鞋/我/喜欢/仍然/。,,1.5711935130163763
train-03324,G,我还没有去过。,我/去/了/没有2/。,,1.7533421841363535
train-03327,G,我还能工作好多年呢。,我/再/工作/多/年/可以/。,,1.8946347748397412
train-03328,G,我还能工作好长时间呢。,我/工作/久/可以/。,,1.5726034399285505
train-03331,G,我这就带你进去。,我/现在/带1/你/去/。,,1.819093156125713
train-03334,G,我送你上楼。,我/送/你/电梯/。,送,1.524184040224587
train-03336,G,我送给他一份礼物以答谢他的帮助。,我/礼物/他/一/为什么/谢谢/他/帮助（我）/。,,1.5984094822628
train-03340,G,我都等不及了。,我/等/不行/。,,1.6225795335761894
train-03342,G,我长这么大重来没这么热。,我/从小到大/像/现在/热/很1/这/第一次/。,从小到大,1.5099685982769395
train-03344,G,我需要一个安静的房间。,房子/安静/我/要/。,,1.688207190610023
train-03348,G,我需要买些水果。,我/买/一些2/水果/要/。,,1.5526289762070584
train-03349,G,我需要休息，我忙了好久。,我/休息/要/为什么/我/忙/久/。,,1.6561845930799635
train-03352,G,我需要好好休息。,我/要/休息/。,,1.7465477732604011
train-03353,G,我需要学习这个。,这个/我/学习1/要/。,,1.667323066299326
train-03364,G,我需要空间一个人静静。,我/需要/自己/一/房子/想/。,,1.7603485517211583
train-03365,G,我非常喜欢吃菠萝。,菠萝/我/喜欢/很1/。,,1.535695663297082
train-03366,G,我喜欢它的颜色。,它/颜色/我/喜欢/。,,1.7100897005799935
train-03367,G,我非常喜欢这个。,这个/我/特别/喜欢/。,,1.6893004123474995
train-03368,G,我非常欣赏你的努力。,你/努力/我/欣赏/很/。,,1.5477697377410564
train-03370,G,我需要你的帮助。,我/需要/你/帮助（我）/。,,1.5125856508290496
train-03373,G,我饶不了你。,你/等/你/。,,2.0387338081542943
train-03412,G,托你的福，我很好。,谢谢/帮助（我）/幸福/我/好/我/好/。,,1.7269144397332896
train-03430,G,把这里当作自己的家一样。,这里/自己/家/一样/。,,1.5574295070322415
train-03457,G,接下来你打算怎么办？,然后/你/计划/做/什么/？,然后,1.5654179470006984
train-03458,G,接下来你要做什么？,然后/你/做/什么/？,然后,1.6024592880585167
train-03459,G,我最痛恨不守信用的人。,我/最2/痛恨/人/谁/信用/没有/这/。,,1.529294309926542
train-03469,H,接下来我要做什么？,然后/我/做/什么/？,然后,1.6133106231281347
train-03516,H,时候不早了我该走了。,时间/差不多/我/走/。,,1.6342474389500423
train-03520,H,时间快到了。,时间/快/到/。,,1.5069963229951089
train-03551,H,是你救了我。,你/救/我/。,,1.6042000546167525
train-03567,H,晚饭时间还早。,晚上/吃饭/时间/没有2/到/。,,1.578892656801336
train-03586,J,最近做了什么有趣的事情？,最近/兴趣/事情2/有/什么/？,,1.5704984176377235
train-03602,J,有一张特大号的床，你要看吗？,床/特别/大/1/有/你/看/要/？,,1.6939695958352894
train-03603,J,有一本我要的书你们卖完了。,我/要/书/1/你们/卖/完成/。,,1.7455504988655242
train-03610,J,有人在吗？,人/在/有/？,,1.7645088218510825
train-03611,J,有人在家吗？,家/人/在/有/？,,1.793304061256596
train-03613,J,有人招呼你吗？,招呼/你/人/有/？,,1.6064962365863884
train-03619,J,有什么新鲜事吗？,新鲜/事情/有/什么/？,,1.5815282178169243
train-03620,J,有什么时候的票？,票/时间/有/什么/？,,1.7967591761004116
train-03623,J,有什么要求吗？,要求/有/什么/？,,1.5652904894920616
train-03624,J,有什么问题吗？,问题/有/什么/？,,1.7115471524993573
train-03629,J,有困难来找我。,困难/有/找/我/。,,1.5124383907264456
train-03631,J,有很多关于这方面的网站。,这里/网/站/多/有/。,,1.6145449741102977
train-03634,J,有没有什么车特别吸引你的眼球呢？,什么/特别/车/吸引/你/有/？,,1.5669959734558991
train-03636,J,有没有想过做一个自己的小项目？,自己/小/项目/1/想/做/有/？,,1.6925000876413538
train-03638,J,有没有搞错啊你。,做/错误/你/有/。,,1.840068302623554
train-03645,J,有空来我家玩。,时间/有/来/我/家/玩/。,,1.8823667127047854
train-03657,J,本车是无人售票车。,这里/没有2/人/卖/汽车1/票/。,,1.6033959927499055
train-03660,J,来这里都是玩的。,来/这里/玩/都/是/。,,1.662199490325608
train-03690,J,每个人都应该做的。,各/人/应该/做/是/。,,1.6500464610238208
train-03697,J,每天这个时候总是车辆的高峰期。,每天/这里/时间/汽车1/多/。,,1.576193568816447
train-03701,J,比起咖啡来我更喜欢红茶。,咖啡/红/茶/我/喜欢/这/。,,1.5577546189739888
train-03718,I,没想到会在这里遇见你。,碰见/你/没有/想/到/。,碰见,1.5878115593439655
train-03719,I,没想到你口气还真不小。,你/吹牛/没有/想/到/。,,1.5878115593439655
train-03724,I,没有人知道这一切。,知道/人/没有/。,,1.5292783655666113
train-03728,I,没有你们的帮助我们也可以做。,你们/帮助/没有/我们/靠/自己/做/可以/。,,1.66861758508482
train-03729,I,没有你我无法活下去。,你/没有/我/活/不行/。,,1.6507506802717893
train-03746,I,派得上用场。,用/可以/。,,1.5029329884679683
train-03753,I,深受国内消费者的欢迎。,中国/人/买/多/。,,1.6752169018368768
train-03781,J,父母不是给小孩买礼物，而是给小孩压岁钱。,爸爸/妈妈/买/礼物/给/小孩/不/给/小孩/红包/钱/是/。,,1.5044205428774036
train-03782,J,父母经常给我讲故事。,爸爸/妈妈/给/我/说/故事/经常/。,,1.5893498382328606
train-03789,J,现代人的兴趣爱好有哪些？,现代/人/兴趣/喜欢/有/什么/？,,1.5840055416143497
train-03804,J,现在你有空吗？,你/有/空/现在/？,,1.8104006645268833
train-03806,J,现在我很满意。,现在/我/满意/很/。,,1.5963858182798218
train-03807,J,现在日子不缺钱，想买什么都可以。,日子/钱/缺/不/现在/想/买/什么/可以/。,,1.6138981451731258
train-03844,J,目前为止一切都好。,现在/全部/好/。,,1.5077965525535757
train-03854,J,看上什么尽管说。,看/什么/就/说/。,,1.5641703068035102
train-03858,J,看你自己吧。,看/你/自己/。,,1.8069904982323797
train-03859,J,看到你很高兴。,看/你/高兴/最1/。,,1.577921534848345
train-03861,J,看我怎么收拾你。,看/我/收拾/你/怎么样/。,,1.642715134809449
train-03862,J,看来会议要开长时间了。,看/开会/多少/时间/开始/。,,1.5045709898376733
train-03867,J,看看你做的好事。,看/看/你/事情/做/好/。,,1.9602039928297685
train-03871,J,看起来很像你。,看/起来/像/你/很1/。,,1.624071228355356
train-03873,J,看起来是这样。,看/样子/是/。,,1.5935753860622628
train-03887,J,真是个男子汉。,真2/男/人/好/。,,1.529927323546087
train-03915,J,祝你一年开开心心。,庆祝/你/1/年/高兴/高兴/。,,1.5011984968274539
train-03928,J,祝贺你今后更加幸福。,庆祝/你/今天/以后/幸福/很1/。,,1.6116194546934686
train-03942,J,穿上你的鞋子。,你/鞋/要/。,,1.6473779342178276
train-03952,J,等我回去。,等/我/去/。,,1.8529338755965583
train-03966,K,等抽空就去看房子了。,等/时间/有/房子/看1/。,,1.7006299875880595
train-03968,K,等等我。,等/我/。,,1.675973378801934
train-03981,K,网络太糟糕了，我听不清楚你说什么？,网/差劲/你/说/什么/听/不/清楚/？,,1.5492299098607734
train-03985,K,经济的发展还有很长一段路要走。,经济/发展/还/有/长/道路/走/要/。,,1.5023209230303407
train-04013,K,老师叫你去找他。,老师/叫1/你/去/找/他/。,,1.5890999601121791
train-04030,K,能不能再说一遍？,再/说/一/次/可以/？,,1.6505891951664085
train-04034,K,能不能请你帮我看一下行李？,我/行李/你/帮助（我）/看1/可以/？,,1.7369421848947242
train-04036,K,能买多少漂亮的衣服啊？,漂亮/衣服/买/好/多/可以/？,,1.7779549245048385
train-04040,K,能告诉我你的尺码吗？,告诉（我）/你/衣服/长/短/多少/可以/？,,1.523236561293659
train-04041,K,能告诉我这座城市有哪些好玩的地方吗？,这/城市/好/玩2/地方/有/哪/告诉（我）/可以/？,,1.5075504926214034
train-04042,K,能和我一起照张相吗？,和/我/照相/可以/？,,1.5615428782351692
train-04044,K,能帮助你，我非常高兴。,可以/帮助/我/高兴/。,,1.8096896969905152
train-04056,K,能给我讲讲这个职位的要求吗？,这/职位/要求/有/什么/给（我）/说/可以/？,,1.5221946602282066
train-04058,K,能让我在那家店下车吗？,那里/家/我/下车/可以/？,下车,1.6536096239137805
train-04064,K,自己怎么会怀疑他？,怀疑/他/我/为什么/？,,1.5029660568364331
train-04096,K,要什么时间的？,时间/多少/要/什么/？,,1.8672878222751534
train-04099,K,要回去的话可以来我家玩几天再回去。,去/之前/来/我/家/玩2/一些/天/完了/去/。,,1.5292672566303487
train-04104,K,要多少数量的货物？,东西/要/多少/？,,1.5794489986382563
train-04112,K,要是我可以吃冰棒该多好呀。,如果/我/冰棍儿/可以/多/好/。,,1.7334947943966657
train-04114,K,要是我能飞就好了。,如果/飞机/可以/多/好/。,,1.6882306725412308
train-04130,K,让我们去问问那边那个警察走哪边？,那/警察/有/我们/去/问/走/哪/？,,1.6864039657462326
train-04132,K,让我听听你的建议。,你/意见/什么/我/看1/。,,1.7921165350820203
train-04133,K,让我想想。,我/想/。,,1.850499597454822
train-04136,K,让我示范给你看怎么使用。,我/示范/用/方法/你/看1/。,,1.629094498393865
train-04150,K,说大家共同喜好的运动。,大家/共同/喜欢/运动/是/什么/说/。,,1.5546639151299833
train-04153,K,说点儿好听的。,说/好/听/我/看1/。,,1.8435510399551582
train-04165,K,你做好准备。,你/准备/好/。,,1.7853166524719695
train-04167,K,你听我解释。,你/听/我/解释/。,,1.5870628316689794
train-04168,K,你在这里排队。,你/来/这里/排队/。,,1.5073561519167789
train-04170,K,你往这边走。,你/这里/走/。,,1.832337437080492
train-04171,K,你把水果洗一下，好吗？,你/水果/洗/可以/？,,1.698471133412746
train-04172,K,你把烟熄灭好吗？,你/吸烟/这里/熄灭/可以/？,“熄灭”为自然手语,1.5694663243316562
train-04202,K,躺下，稍等我去做准备。,这/躺/等/我/去/准备/。,,1.6626708708455264
train-04209,K,带好你的随身物品。,你/东西/拿/好/。,,1.7594969267605893
train-04210,K,带齐你的行李准备下车。,你/行李/全部/拿/好/准备/下车/。,下车,1.5492876962148172
train-04218,K,你再说一遍。,你/再/说/一/次/。,,1.7368510028613773
train-04219,K,你原谅我的失礼。,我/礼貌/没有2/你/多/包涵2/。,,1.503011775080207
train-04225,K,你试穿一下好不好吗？,你/穿/看1/好不好/？,,1.5898190539133956
train-04232,K,把这些表填了。,这/这/这/表格/全部/写字/。,,1.564292734038645
train-04238,K,描述一下你的行李好吗？,你/行李/样子/什么/说/可以/？,,1.919662721936811
train-04247,K,稍等，我去换下钱。,等/我/去/钱/换/。,,1.7762080283667305
train-04248,K,穿上你的外衣。,你/外/衣服/穿/好/。,,1.703599986873801
train-04276,K,到北京有特快火车吗？,去/这里/北京/特别/快/火车/有/？,,1.5787295260433283
train-04282,K,你在哪里？,你/在/哪/？,,1.8002527510585415
train-04287,K,你是哪位？,你/谁/？,,1.5907787928619868
train-04305,K,谁是你最喜爱的球员？,你/最2/喜欢/运动员/谁/？,,1.5319247335348394
train-04349,K,跟你有关系吗？,这里/你/关系/有/？,,1.8657990154861916
train-04357,K,身体健康对你而言有多重要。,你/认为/健康/重要/为什么/。,,1.64185721699399
train-04365,K,辞职后，你有什么打算？,辞职1/以后/你/计划/做/什么/？,,1.5507008114147354
train-04372,K,过来见见我的朋友们。,来/我/朋友/大家/认识/。,,1.5420685712459878
train-04389,K,以前那个时间怎么样？,以前/时间/一样/可以/？,,1.5725946569874054
train-04394,K,真是自己啊。,真2/是/自己/。,,1.5600811387726086
train-04395,K,真的是你啊。,真2/是/你/。,,1.8730443502339007
train-04398,K,还要我为你做些什么？,我/还/可以/帮助/做/什么/？,,1.9662971049976612
train-04400,K,这一件件都是价值不菲的礼物。,这里/这里/这里/多/礼物/都/价值/昂贵/。,,1.5369913722950046
train-04401,K,这一切都是你干的吗？,这里/都/你/做/是不是/？,,1.8239866418491433
train-04406,K,这不是我的。,这里/我/不是/。,,1.7539074095938652
train-04409,K,这2种车的型号有什么差别？,这里/这里/2/汽车1/型号/不一样/有/什么/？,型号,1.5739846482220858
train-04413,K,这个东西多少钱？,这里/东西2/钱/多少/？,,1.6577710588113288
train-04417,K,这个东西我也不会。,这里/东西2/我/不会/。,,1.718427105046207
train-04420,K,这个主意不错。,这里/想/法1/好/。,,1.6809576722510204
train-04421,K,这个主意真不错。,这里/想/法1/真2/好/。,,1.697156601939791
train-04434,K,这个多少钱？,这里/钱/多少/？,,1.661350654392614
train-04441,K,这个怎么做？,这里/做/怎么/？,,1.6869958293732836
train-04445,K,这个房子看上去可以。,这里/房/看1/感觉/好/。,,1.6751868403175374
train-04455,K,这件事对我来说很平常。,这里/事情2/我/感觉/平常/。,,1.50541067989178
train-04469,L,这个菜不是我要的。,这/菜/我/要/不是/。,,1.8917593589745731
train-04470,L,这个菜看起来好丰盛。,这/菜/多/好/。,,1.8103201822613175
train-04477,L,这个还能再用吗？,这/再/用/可以/？,,1.7972968872577888
train-04480,L,这个问题将在今晚解决。,这/问题/今天/晚上/解决/会/。,,1.6415471348553219
train-04486,L,这么做错了吗？,这/做/错误/是/？,,1.7325949145346946
train-04494,L,这也是我想做的。,这/我/也/想/做/。,,1.927962605623101
train-04520,L,这件事我们不能这样干。,这/事2/我们/样子/干/不行2/。,,1.5992161979473667
train-04522,L,这件事还没有确定。,这/事情2/决定/没有2/为什么/。,,1.5585322165761744
train-04523,L,这件怎么样？,这/怎么/？,,1.5724819366033655
train-04529,L,这份工作很难啊。,这/工作/困难1/很1/。,,1.5778350435072148
train-04530,L,这位子有人吗？,这/椅子/人/有/？,,1.5146040053170053
train-04536,L,这儿有人吗？,这/人/有/？,,1.8932550066462568
train-04538,L,这儿没有你要找的人。,人/你/找/这/没有2/。,,1.9586215968966483
train-04545,L,这列火车上有餐车吗？,这/火车/吃饭/有/？,,1.5929856140974301
train-04546,L,这列火车在我们这站停留几分钟？,火车/到/我们/这/停止/分钟/多少/？,,1.5588949889671637
train-04551,L,这可是你说的。,这/你/说/。,,1.989040207563857
train-04569,L,这家伙到底是什么意思？,这/人/意思/？,,1.534612780637707
train-04577,L,这就是你的新学校吗？,你/新1/学校/这/是/？,,1.8882664213037412
train-04583,L,这床正是我想要的。,床/这/我/想/要/是/。,,1.8877576788401942
train-04584,L,这座城市的每一条街道我都非常清楚。,城市/这/街道/每/我/都/知道/。,,1.5176395827766127
train-04591,L,这很重要。,这/重要/重要/。,,1.5210732724909302
train-04593,L,这我完全不懂。,这/我/和/不懂/。,,1.573164816199749
train-04594,L,这房子你想租用多久？,房子/这/你/想/租/时间/多少/？,,1.925995122069004
train-04600,L,这房子是我爷爷的。,这/房/我/爷爷/是/。,,1.6763825275299313
train-04601,L,这房子是我自己的。,这/房/我/是/。,,2.011659033035918
train-04618,L,这是不是你第一次吃这种水果？,水果/这/你/第一次/吃/是/？,,1.8781950885462209
train-04624,L,这是中式餐厅，我可以为你服务吗？,这/中国/饭店/我/服务/你/可以/？,,1.8565380769986684
train-04627,L,这是什么货物？,这/什么/东西/？,,1.7554492628367533
train-04630,L,这是你应得的。,这/属于3/你/应该/。,,1.5471182598956488
train-04631,L,这是你的吗？,这/你/你/？,,2.271088539582867
train-04632,L,这是你的看电影时间段吗？,时间/段/这/你/看/电影/是/？,,1.7787480616741758
train-04633,L,这是你的请帖，你一定去啊。,这/你/请帖/去/必须/。,请帖,1.6248826251085655
train-04634,L,这是你自找的。,这/你/自己/问题/。,,1.906294263364464
train-04635,L,这是你该关注的焦点吗？,这/焦点/你/看1/应该/？,,1.5891553081553045
train-04639,L,这是怎么回事？,这/什么/？,,1.7527896859280254
train-04640,L,这是怎么搞得？,这/怎么/？,,1.5724819366033655
train-04641,L,这是你的存折，你以后存取款时请带来。,存折/你/你/以后/存款/拿/这/要/。,,1.5947702366904792
train-04644,L,这是我们应该做的。,我们/做/这/应该/。,,1.8812585911972068
train-04646,L,这是我们的心意。,这/我们/心/意思/。,,1.5865060661787098
train-04648,L,这是我做的椅子。,椅子/这/我/做/。,,1.6503610576563374
train-04649,L,这是我吃过最好吃的菜了。,菜/我/成长/吃/好吃/这/。,好吃,1.6755231310763576
train-04650,L,这是我向你借的书。,书/这/我/借1/是/。,,1.7076613827975142
train-04652,L,这是我带回中国的纪念品。,纪念/东西2/这/我/带/去/中国/。,,1.6147617990544276
train-04653,L,这是我期待的。,这/我/期待/是/。,,1.6980186882225183
train-04655,L,这是我新年送给你的礼物。,礼物/这/我/新年/送/你/是/。,,1.7796516289181965
train-04656,L,这是我最喜欢的。,这/我/喜欢/喜欢/。,,2.1793966188152845
train-04657,L,这是我最喜欢的水果。,水果/这/我/喜欢/喜欢/。,,2.077530803023903
train-04659,L,这是我朋友。,这/我/朋友/。,,1.9073592300139532
train-04660,L,这是我的个人用品。,这/我/自己/东西2/。,,1.906042132864115
train-04662,L,这是我的行李票。,行李/票/这/我/。,,1.7654314540198848
train-04663,L,这是我的责任，不是你的责任。,这/我/责任/和/你/没关系2/。,,1.578156550365458
train-04665,L,这是我的错。,这/错误/我/我/。,,2.0613621722668958
train-04668,L,这是我给你们的一点心意。,这/我/给/你们/少/少/心/意思/。,,1.7141315440401566
train-04681,L,这是让你离开的好办法。,让/你/离开/方法/这/好/。,,1.592501136992135
train-04688,L,这有什么大不了的。,这/没有2/什么/。,,1.7876159151186393
train-04699,L,这条鱼好大。,这/鱼/大/大/。,,1.5682964238846548
train-04704,L,这样的事我也听说过。,这/事2/我/知道/。,,1.8078092664434888
train-04709,L,这次由我请客。,这/我/请/。,,1.814592264446019
train-04713,L,这正是我需要的。,这/我/需要1/是/。,,1.9272442953581659
train-04719,L,这班地铁多长时间来一次？,地铁/到/这/时间/多少/？,,1.6931942296076337
train-04720,L,这班火车什么时候到北京？,火车/这/到/北京/时间/多少/？,,1.605478089099061
train-04724,L,这看起来不错。,这/看1/好/。,,1.7439990061686597
train-04734,L,这种情况下应该怎么做？,这/情况/怎么/做/？,,1.6182186564038628
train-04736,L,这种水果好贵啊。,水果/这/钱/贵/。,,1.5264870040203498
train-04738,L,这种类型的工作我曾经做过。,工作/样子/这/我/以前/体验/。,,1.586828679566485
train-04747,L,这给人带来巨大的喜悦。,这/给/人/快乐/多/。,,1.6777736784315975
train-04749,L,这绝对有问题。,这/问题/肯定/有/。,,1.6221244057372144
train-04751,L,这艘游轮可乘载多少乘客呢？,船/这/人/坐/最2/多/多少/？,,1.756746136186874
train-04760,L,这让我很生气。,这/我/生气/。,,1.7393347655300238
train-04762,L,这路公交车去哪儿？,这/公交车/去/什么/？,,1.7442731339624267
train-04764,L,这还得了。,这/不行2/。,,1.5469629025295404
train-04767,L,这部电影在哪儿演？,电影/这/表演/在/什么/？,,1.6563252305221898
train-04772,L,这里人真多啊。,这/人/多/多/。,,1.8773470144606126
train-04774,L,这里最受欢迎的菜是哪个？,菜/这/好吃/好吃/什么/？,好吃,1.5132482302601502
train-04775,L,这里有人坐吗？,这/人/坐/有/？,,1.8156340009809866
train-04789,L,这非常重要。,这/重要/重要/。,,1.5210732724909302
train-04804,L,送餐服务，我可以进来吗？,送/吃饭/服务/我/进/可以/？,,1.585850591773368
train-04809,L,那个人在哪呢？,那/人/在/什么/？,,1.7752056339152922
train-04815,L,那个房子售出了吗？,房子/那/卖/有/？,,1.5676826436139326
train-04828,L,那件事我做的真不好。,那/事2/我/做/不好/。,不好,1.6331110388026888
train-04831,L,你为什么不问呢？,你/问/不/为什么/？,,1.7378293050427192
train-04833,L,你喜欢什么类型的车呀？,汽车1/种类/你/喜欢/什么/？,,1.7993630439477244
train-04834,L,你喜欢哪一类的色调呢？,颜色/你/喜欢/什么/？,,1.9269620522902748
train-04837,L,你能等我多少分钟？,你/等候/我/多少/分钟/可以/？,,1.746661311362128
train-04852,L,你可一定来呀，我等着。,你/一定/来/我/等/你/。,,2.057433446160286
train-04853,L,那我们去那里吧。,我们/去/那/那/。,,1.74510235465341
train-04858,L,我带你去吧。,我/带1/你/去/。,,1.7601231168894884
train-04884,L,都是我喜欢的书。,全部/书/我/喜欢/。,,1.784724663291432
train-04888,L,金钱不是一切。,钱/万/可以/不行2/。,,1.5476230110461566
train-04911,L,需要我们给你的家人打电话吗？,给/你/家/人/手机/需要1/？,,1.619795064815998
train-04921,L,非常感谢你等着我。,你/等/我/谢谢/。,,1.8826623781242375
train-04942,L,马上就要到你了。,到/你/快/。,,1.7409360989314369
